XRP,,,,LTC,,,,BTC,,,,ETH,,,,,,,,
Date,Open,,,Date,Open,,,Date,Open,,,Date,Open,,,,XRP,LTC,BTC,ETH
1/1/2018,2.3,1,,1/1/2018,231.67,1,,1/1/2018,14112.2,1,,1/1/2018,755.76,1,,1/1/2018,1,1,1,1
1/2/2018,2.37,1.030434783,,1/2/2018,228.99,0.988431821,,1/2/2018,13625,0.96547668,,1/2/2018,772.35,1.021951413,,1/2/2018,1.030434783,0.988431821,0.96547668,1.021951413
1/3/2018,2.46,1.069565217,,1/3/2018,255.69,1.103681961,,1/3/2018,14978.2,1.061365343,,1/3/2018,886,1.17232984,,1/3/2018,1.069565217,1.103681961,1.061365343,1.17232984
1/4/2018,3.12,1.356521739,,1/4/2018,245.47,1.059567488,,1/4/2018,15270.7,1.082092091,,1/4/2018,961.71,1.272507145,,1/4/2018,1.356521739,1.059567488,1.082092091,1.272507145
1/5/2018,3.3,1.434782609,,1/5/2018,241.03,1.040402296,,1/5/2018,15477.2,1.09672482,,1/5/2018,975.75,1.291084471,,1/5/2018,1.434782609,1.040402296,1.09672482,1.291084471
1/6/2018,3.02,1.313043478,,1/6/2018,249.77,1.078128372,,1/6/2018,17462.1,1.237376171,,1/6/2018,995.15,1.316753996,,1/6/2018,1.313043478,1.078128372,1.237376171,1.316753996
1/7/2018,3.09,1.343478261,,1/7/2018,296.05,1.277895282,,1/7/2018,17527.3,1.241996287,,1/7/2018,1043.01,1.380080978,,1/7/2018,1.343478261,1.277895282,1.241996287,1.380080978
1/8/2018,3.36,1.460869565,,1/8/2018,287.73,1.24198213,,1/8/2018,16476.2,1.167514633,,1/8/2018,1158.26,1.532576479,,1/8/2018,1.460869565,1.24198213,1.167514633,1.532576479
1/9/2018,2.44,1.060869565,,1/9/2018,254.61,1.099020158,,1/9/2018,15123.7,1.071675571,,1/9/2018,1146,1.516354398,,1/9/2018,1.060869565,1.099020158,1.071675571,1.516354398
1/10/2018,2.13,0.926086957,,1/10/2018,248.07,1.070790348,,1/10/2018,14588.5,1.033750939,,1/10/2018,1300.34,1.720572669,,1/10/2018,0.926086957,1.070790348,1.033750939,1.720572669
1/11/2018,1.98,0.860869565,,1/11/2018,251.52,1.08568222,,1/11/2018,14968.2,1.060656737,,1/11/2018,1268.09,1.677900392,,1/11/2018,0.860869565,1.08568222,1.060656737,1.677900392
1/12/2018,1.94,0.843478261,,1/12/2018,229.79,0.991885009,,1/12/2018,13453.9,0.953352418,,1/12/2018,1158.29,1.532616174,,1/12/2018,0.843478261,0.991885009,0.953352418,1.532616174
1/13/2018,2.05,0.891304348,,1/13/2018,236.88,1.022488885,,1/13/2018,13952.4,0.988676464,,1/13/2018,1270.47,1.68104954,,1/13/2018,0.891304348,1.022488885,0.988676464,1.68104954
1/14/2018,2.02,0.87826087,,1/14/2018,260.58,1.124789571,,1/14/2018,14370.8,1.01832457,,1/14/2018,1397.48,1.849105536,,1/14/2018,0.87826087,1.124789571,1.01832457,1.849105536
1/15/2018,1.86,0.808695652,,1/15/2018,237.29,1.024258644,,1/15/2018,13767.3,0.975560154,,1/15/2018,1365.21,1.806406796,,1/15/2018,0.808695652,1.024258644,0.975560154,1.806406796
1/16/2018,1.68,0.730434783,,1/16/2018,232.82,1.004963957,,1/16/2018,13836.1,0.980435368,,1/16/2018,1292.63,1.710371017,,1/16/2018,0.730434783,1.004963957,0.980435368,1.710371017
1/17/2018,1.18,0.513043478,,1/17/2018,190.15,0.820779557,,1/17/2018,11431.1,0.810015448,,1/17/2018,1061.34,1.404334709,,1/17/2018,0.513043478,0.820779557,0.810015448,1.404334709
1/18/2018,1.31,0.569565217,,1/18/2018,186.95,0.806966806,,1/18/2018,11198.8,0.793554513,,1/18/2018,1016.44,1.344924315,,1/18/2018,0.569565217,0.806966806,0.793554513,1.344924315
1/19/2018,1.58,0.686956522,,1/19/2018,191.19,0.825268701,,1/19/2018,11429.8,0.809923329,,1/19/2018,1028.82,1.361305176,,1/19/2018,0.686956522,0.825268701,0.809923329,1.361305176
1/20/2018,1.56,0.67826087,,1/20/2018,194.38,0.839038287,,1/20/2018,11656.2,0.825966185,,1/20/2018,1044.95,1.382647931,,1/20/2018,0.67826087,0.839038287,0.825966185,1.382647931
1/21/2018,1.58,0.686956522,,1/21/2018,211.24,0.911814219,,1/21/2018,12889.2,0.913337396,,1/21/2018,1155.68,1.529162697,,1/21/2018,0.686956522,0.911814219,0.913337396,1.529162697
1/22/2018,1.39,0.604347826,,1/22/2018,191.79,0.827858592,,1/22/2018,11633.1,0.824329304,,1/22/2018,1055.35,1.396408913,,1/22/2018,0.604347826,0.827858592,0.824329304,1.396408913
1/23/2018,1.35,0.586956522,,1/23/2018,180.28,0.778175854,,1/23/2018,10944.5,0.775534644,,1/23/2018,1004.17,1.328689002,,1/23/2018,0.586956522,0.778175854,0.775534644,1.328689002
1/24/2018,1.35,0.586956522,,1/24/2018,178.43,0.770190357,,1/24/2018,10903.4,0.77262227,,1/24/2018,987.48,1.306605272,,1/24/2018,0.586956522,0.770190357,0.77262227,1.306605272
1/25/2018,1.36,0.591304348,,1/25/2018,181.56,0.783700954,,1/25/2018,11421.7,0.809349357,,1/25/2018,1063.22,1.406822272,,1/25/2018,0.591304348,0.783700954,0.809349357,1.406822272
1/26/2018,1.31,0.569565217,,1/26/2018,179.82,0.776190271,,1/26/2018,11256,0.797607744,,1/26/2018,1052.7,1.392902509,,1/26/2018,0.569565217,0.776190271,0.797607744,1.392902509
1/27/2018,1.22,0.530434783,,1/27/2018,176.66,0.762550179,,1/27/2018,11174.9,0.791860943,,1/27/2018,1055.75,1.396938181,,1/27/2018,0.530434783,0.762550179,0.791860943,1.396938181
1/28/2018,1.22,0.530434783,,1/28/2018,181.42,0.783096646,,1/28/2018,11475.3,0.813147489,,1/28/2018,1111.78,1.471075474,,1/28/2018,0.530434783,0.783096646,0.813147489,1.471075474
1/29/2018,1.4,0.608695652,,1/29/2018,193.75,0.836318902,,1/29/2018,11755.5,0.83300265,,1/29/2018,1246.7,1.649597756,,1/29/2018,0.608695652,0.836318902,0.83300265,1.649597756
1/30/2018,1.33,0.57826087,,1/30/2018,181.44,0.783182976,,1/30/2018,11306.8,0.801207466,,1/30/2018,1184.13,1.566806923,,1/30/2018,0.57826087,0.783182976,0.801207466,1.566806923
1/31/2018,1.13,0.491304348,,1/31/2018,165.3,0.713514913,,1/31/2018,10108.2,0.716273862,,1/31/2018,1071.09,1.41723563,,1/31/2018,0.491304348,0.713514913,0.716273862,1.41723563
2/1/2018,1.16,0.504347826,,2/1/2018,163.68,0.706522208,,2/1/2018,10237.3,0.725421975,,2/1/2018,1119.37,1.481118344,,2/1/2018,0.504347826,0.706522208,0.725421975,1.481118344
2/2/2018,0.960642,0.417670435,,2/2/2018,142.56,0.615358052,,2/2/2018,9142.28,0.64782812,,2/2/2018,1035.77,1.370501217,,2/2/2018,0.417670435,0.615358052,0.64782812,1.370501217
2/3/2018,0.891992,0.387822609,,2/3/2018,131.4,0.567186084,,2/3/2018,8852.12,0.627267187,,2/3/2018,919.21,1.216272362,,2/3/2018,0.387822609,0.567186084,0.627267187,1.216272362
2/4/2018,0.913418,0.397138261,,2/4/2018,160.38,0.692277809,,2/4/2018,9175.7,0.650196284,,2/4/2018,964.67,1.276423732,,2/4/2018,0.397138261,0.692277809,0.650196284,1.276423732
2/5/2018,0.825943,0.359105652,,2/5/2018,148.73,0.641990763,,2/5/2018,8270.54,0.586056037,,2/5/2018,834.96,1.104795173,,2/5/2018,0.359105652,0.641990763,0.586056037,1.104795173
2/6/2018,0.705121,0.306574348,,2/6/2018,127.52,0.550438123,,2/6/2018,7051.75,0.499691756,,2/6/2018,707.74,0.93646131,,2/6/2018,0.306574348,0.550438123,0.499691756,0.93646131
2/7/2018,0.774576,0.336772174,,2/7/2018,142.48,0.615012734,,2/7/2018,7755.49,0.549559247,,2/7/2018,790.43,1.045874352,,2/7/2018,0.336772174,0.615012734,0.549559247,1.045874352
2/8/2018,0.729252,0.317066087,,2/8/2018,138.34,0.597142487,,2/8/2018,7637.86,0.541223906,,2/8/2018,755.84,1.000105854,,2/8/2018,0.317066087,0.597142487,0.541223906,1.000105854
2/9/2018,0.79714,0.346582609,,2/9/2018,149.73,0.646307247,,2/9/2018,8271.84,0.586148155,,2/9/2018,818.48,1.082989309,,2/9/2018,0.346582609,0.646307247,0.586148155,1.082989309
2/10/2018,0.947251,0.411848261,,2/10/2018,163.49,0.705702076,,2/10/2018,8720.08,0.617910744,,2/10/2018,882.47,1.167659045,,2/10/2018,0.411848261,0.705702076,0.617910744,1.167659045
2/11/2018,1.07,0.465217391,,2/11/2018,155.39,0.670738551,,2/11/2018,8616.13,0.610544777,,2/11/2018,859.29,1.136987933,,2/11/2018,0.465217391,0.670738551,0.610544777,1.136987933
2/12/2018,1.01,0.439130435,,2/12/2018,150.1,0.647904347,,2/12/2018,8141.43,0.576907215,,2/12/2018,817.51,1.081705833,,2/12/2018,0.439130435,0.647904347,0.576907215,1.081705833
2/13/2018,1.08,0.469565217,,2/13/2018,161.78,0.698320887,,2/13/2018,8926.72,0.632553394,,2/13/2018,869.29,1.150219646,,2/13/2018,0.469565217,0.698320887,0.632553394,1.150219646
2/14/2018,1.03,0.447826087,,2/14/2018,159.58,0.688824621,,2/14/2018,8599.92,0.609396125,,2/14/2018,844.28,1.11712713,,2/14/2018,0.447826087,0.688824621,0.609396125,1.11712713
2/15/2018,1.14,0.495652174,,2/15/2018,212.35,0.916605516,,2/15/2018,9488.32,0.672348748,,2/15/2018,923.73,1.222253096,,2/15/2018,0.495652174,0.916605516,0.672348748,1.222253096
2/16/2018,1.14,0.495652174,,2/16/2018,225.5,0.97336729,,2/16/2018,10135.7,0.718222531,,2/16/2018,934.79,1.236887372,,2/16/2018,0.495652174,0.97336729,0.718222531,1.236887372
2/17/2018,1.14,0.495652174,,2/17/2018,229.5,0.990633228,,2/17/2018,10207.5,0.723310327,,2/17/2018,944.75,1.250066159,,2/17/2018,0.495652174,0.990633228,0.723310327,1.250066159
2/18/2018,1.2,0.52173913,,2/18/2018,230.51,0.994992878,,2/18/2018,11123.4,0.788211618,,2/18/2018,973.35,1.28790886,,2/18/2018,0.52173913,0.994992878,0.788211618,1.28790886
2/19/2018,1.12,0.486956522,,2/19/2018,215.41,0.92981396,,2/19/2018,10552.6,0.747764346,,2/19/2018,921.67,1.219527363,,2/19/2018,0.486956522,0.92981396,0.747764346,1.219527363
2/20/2018,1.14,0.495652174,,2/20/2018,223.09,0.962964562,,2/20/2018,11231.8,0.795892915,,2/20/2018,943.57,1.248504816,,2/20/2018,0.495652174,0.962964562,0.795892915,1.248504816
2/21/2018,1.08,0.469565217,,2/21/2018,230.95,0.996892131,,2/21/2018,11372.2,0.805841754,,2/21/2018,894.13,1.183087223,,2/21/2018,0.469565217,0.996892131,0.805841754,1.183087223
2/22/2018,1.01,0.439130435,,2/22/2018,212.84,0.918720594,,2/22/2018,10660.4,0.755403126,,2/22/2018,849.26,1.123716524,,2/22/2018,0.439130435,0.918720594,0.755403126,1.123716524
2/23/2018,0.934176,0.406163478,,2/23/2018,194.19,0.838218155,,2/23/2018,9937.07,0.704147475,,2/23/2018,811.59,1.073872658,,2/23/2018,0.406163478,0.838218155,0.704147475,1.073872658
2/24/2018,0.997659,0.433764783,,2/24/2018,210.64,0.909224328,,2/24/2018,10287.7,0.728993353,,2/24/2018,861.59,1.140031227,,2/24/2018,0.433764783,0.909224328,0.728993353,1.140031227
2/25/2018,0.951977,0.413903043,,2/25/2018,208.13,0.898389951,,2/25/2018,9796.42,0.694180921,,2/25/2018,839.46,1.110749444,,2/25/2018,0.413903043,0.898389951,0.694180921,1.110749444
2/26/2018,0.943704,0.410306087,,2/26/2018,222.14,0.958863901,,2/26/2018,9669.43,0.685182325,,2/26/2018,845.28,1.118450302,,2/26/2018,0.410306087,0.958863901,0.685182325,1.118450302
2/27/2018,0.959302,0.417087826,,2/27/2018,221.71,0.957007813,,2/27/2018,10393.9,0.736518757,,2/27/2018,870.37,1.151648672,,2/27/2018,0.417087826,0.957007813,0.736518757,1.151648672
2/28/2018,0.944697,0.410737826,,2/28/2018,217.28,0.937885786,,2/28/2018,10687.2,0.757302192,,2/28/2018,877.93,1.161651847,,2/28/2018,0.410737826,0.937885786,0.757302192,1.161651847
3/1/2018,0.904131,0.393100435,,3/1/2018,203.12,0.876764363,,3/1/2018,10385,0.735888097,,3/1/2018,856.01,1.132647931,,3/1/2018,0.393100435,0.876764363,0.735888097,1.132647931
3/2/2018,0.926638,0.402886087,,3/2/2018,209.56,0.904562524,,3/2/2018,10977.4,0.77786596,,3/2/2018,871.76,1.15348788,,3/2/2018,0.402886087,0.904562524,0.77786596,1.15348788
3/3/2018,0.908786,0.395124348,,3/3/2018,213.84,0.923037079,,3/3/2018,11101.9,0.786688114,,3/3/2018,856.71,1.133574151,,3/3/2018,0.395124348,0.923037079,0.786688114,1.133574151
3/4/2018,0.906008,0.393916522,,3/4/2018,210.24,0.907497734,,3/4/2018,11497.4,0.81471351,,3/4/2018,856.19,1.132886101,,3/4/2018,0.393916522,0.907497734,0.81471351,1.132886101
3/5/2018,1.01,0.439130435,,3/5/2018,213.74,0.92260543,,3/5/2018,11532.4,0.817193634,,3/5/2018,866.85,1.146991108,,3/5/2018,0.439130435,0.92260543,0.817193634,1.146991108
3/6/2018,0.954448,0.414977391,,3/6/2018,210.51,0.908663185,,3/6/2018,11500.1,0.814904834,,3/6/2018,853.82,1.129750185,,3/6/2018,0.414977391,0.908663185,0.814904834,1.129750185
3/7/2018,0.924378,0.401903478,,3/7/2018,196.83,0.849613675,,3/7/2018,10803.9,0.765571633,,3/7/2018,816.27,1.0800651,,3/7/2018,0.401903478,0.849613675,0.765571633,1.0800651
3/8/2018,0.872508,0.379351304,,3/8/2018,185.7,0.8015712,,3/8/2018,9951.44,0.705165743,,3/8/2018,752.57,0.995779083,,3/8/2018,0.379351304,0.8015712,0.705165743,0.995779083
3/9/2018,0.826122,0.359183478,,3/9/2018,176.48,0.761773212,,3/9/2018,9414.69,0.667131276,,3/9/2018,702.2,0.929130941,,3/9/2018,0.359183478,0.761773212,0.667131276,0.929130941
3/10/2018,0.854872,0.371683478,,3/10/2018,188.11,0.811973928,,3/10/2018,9350.59,0.662589107,,3/10/2018,730.16,0.966126813,,3/10/2018,0.371683478,0.811973928,0.662589107,0.966126813
3/11/2018,0.795765,0.345984783,,3/11/2018,177.51,0.766219191,,3/11/2018,8852.78,0.627313955,,3/11/2018,685.31,0.906782576,,3/11/2018,0.345984783,0.766219191,0.627313955,0.906782576
3/12/2018,0.832127,0.361794348,,3/12/2018,189.02,0.815901929,,3/12/2018,9602.93,0.68047009,,3/12/2018,724.41,0.958518577,,3/12/2018,0.361794348,0.815901929,0.68047009,0.958518577
3/13/2018,0.798451,0.347152609,,3/13/2018,177.6,0.766607675,,3/13/2018,9173.04,0.650007795,,3/13/2018,698.15,0.923772097,,3/13/2018,0.347152609,0.766607675,0.650007795,0.923772097
3/14/2018,0.789569,0.34329087,,3/14/2018,175.94,0.75944231,,3/14/2018,9214.65,0.652956307,,3/14/2018,691.22,0.914602519,,3/14/2018,0.34329087,0.75944231,0.652956307,0.914602519
3/15/2018,0.702913,0.305614348,,3/15/2018,161.2,0.695817326,,3/15/2018,8290.76,0.587488839,,3/15/2018,614.84,0.81353869,,3/15/2018,0.305614348,0.695817326,0.587488839,0.81353869
3/16/2018,0.699063,0.303940435,,3/16/2018,164.82,0.711443001,,3/16/2018,8322.91,0.58976701,,3/16/2018,611.78,0.809489785,,3/16/2018,0.303940435,0.711443001,0.58976701,0.809489785
3/17/2018,0.687745,0.299019565,,3/17/2018,165.19,0.7130401,,3/17/2018,8321.91,0.589696149,,3/17/2018,601.68,0.796125754,,3/17/2018,0.299019565,0.7130401,0.589696149,0.796125754
3/18/2018,0.634466,0.275854783,,3/18/2018,152.54,0.658436569,,3/18/2018,7890.52,0.559127563,,3/18/2018,551.64,0.729914258,,3/18/2018,0.275854783,0.658436569,0.559127563,0.729914258
3/19/2018,0.672126,0.292228696,,3/19/2018,155.47,0.671083869,,3/19/2018,8344.12,0.591269965,,3/19/2018,546.63,0.72328517,,3/19/2018,0.292228696,0.671083869,0.591269965,0.72328517
3/20/2018,0.736759,0.32033,,3/20/2018,161.52,0.697198601,,3/20/2018,8619.67,0.610795624,,3/20/2018,556.72,0.736635969,,3/20/2018,0.32033,0.697198601,0.610795624,0.736635969
3/21/2018,0.713055,0.310023913,,3/21/2018,169.56,0.731903138,,3/21/2018,8937.48,0.633315854,,3/21/2018,559.1,0.739785117,,3/21/2018,0.310023913,0.731903138,0.633315854,0.739785117
3/22/2018,0.693145,0.301367391,,3/22/2018,168.72,0.728277291,,3/22/2018,8939.44,0.633454741,,3/22/2018,562.1,0.743754631,,3/22/2018,0.301367391,0.728277291,0.633454741,0.743754631
3/23/2018,0.663111,0.28830913,,3/23/2018,163.58,0.70609056,,3/23/2018,8736.25,0.619056561,,3/23/2018,539.86,0.7143273,,3/23/2018,0.28830913,0.70609056,0.619056561,0.7143273
3/24/2018,0.646214,0.280962609,,3/24/2018,168.53,0.727457159,,3/24/2018,8901.95,0.630798175,,3/24/2018,542.57,0.717913094,,3/24/2018,0.280962609,0.727457159,0.630798175,0.717913094
3/25/2018,0.638632,0.277666087,,3/25/2018,158.86,0.685716752,,3/25/2018,8612.81,0.610309519,,3/25/2018,522.7,0.691621679,,3/25/2018,0.277666087,0.685716752,0.610309519,0.691621679
3/26/2018,0.642683,0.279427391,,3/26/2018,160.16,0.691328182,,3/26/2018,8498.47,0.60220731,,3/26/2018,524.29,0.693725521,,3/26/2018,0.279427391,0.691328182,0.60220731,0.693725521
3/27/2018,0.599026,0.260446087,,3/27/2018,148.96,0.642983554,,3/27/2018,8200,0.581057525,,3/27/2018,489.59,0.647811475,,3/27/2018,0.260446087,0.642983554,0.581057525,0.647811475
3/28/2018,0.577511,0.251091739,,3/28/2018,135.49,0.584840506,,3/28/2018,7836.83,0.555323054,,3/28/2018,450.29,0.595810839,,3/28/2018,0.251091739,0.584840506,0.555323054,0.595810839
3/29/2018,0.577767,0.251203043,,3/29/2018,131.93,0.569473821,,3/29/2018,7979.07,0.565402276,,3/29/2018,448.07,0.592873399,,3/29/2018,0.251203043,0.569473821,0.565402276,0.592873399
3/30/2018,0.513268,0.22316,,3/30/2018,114.8,0.495532438,,3/30/2018,7171.45,0.508173779,,3/30/2018,385.9,0.510611834,,3/30/2018,0.22316,0.495532438,0.508173779,0.510611834
3/31/2018,0.510617,0.222007391,,3/31/2018,118.64,0.512107739,,3/31/2018,6892.48,0.488405777,,3/31/2018,395,0.522652694,,3/31/2018,0.222007391,0.512107739,0.488405777,0.522652694
4/1/2018,0.513854,0.223414783,,4/1/2018,116.91,0.504640221,,4/1/2018,7003.06,0.49624155,,4/1/2018,397.25,0.52562983,,4/1/2018,0.223414783,0.504640221,0.49624155,0.52562983
4/2/2018,0.486067,0.211333478,,4/2/2018,115.24,0.497431692,,4/2/2018,6844.86,0.485031391,,4/2/2018,379.7,0.502408172,,4/2/2018,0.211333478,0.497431692,0.485031391,0.502408172
4/3/2018,0.501533,0.218057826,,4/3/2018,119.51,0.515863081,,4/3/2018,7102.26,0.503270929,,4/3/2018,387.31,0.512477506,,4/3/2018,0.218057826,0.515863081,0.503270929,0.512477506
4/4/2018,0.554569,0.241116957,,4/4/2018,133.91,0.57802046,,4/4/2018,7456.41,0.528366236,,4/4/2018,416.49,0.551087647,,4/4/2018,0.241116957,0.57802046,0.528366236,0.551087647
4/5/2018,0.50195,0.21823913,,4/5/2018,118.21,0.510251651,,4/5/2018,6848.65,0.485299953,,4/5/2018,379.95,0.502738965,,4/5/2018,0.21823913,0.510251651,0.485299953,0.502738965
4/6/2018,0.494781,0.215122174,,4/6/2018,118.81,0.512841542,,4/6/2018,6815.96,0.482983518,,4/6/2018,382.73,0.506417381,,4/6/2018,0.215122174,0.512841542,0.482983518,0.506417381
4/7/2018,0.476851,0.207326522,,4/7/2018,113.14,0.488367074,,4/7/2018,6630.51,0.469842406,,4/7/2018,370.38,0.490076215,,4/7/2018,0.207326522,0.488367074,0.469842406,0.490076215
4/8/2018,0.488227,0.212272609,,4/8/2018,116.29,0.501964001,,4/8/2018,6919.98,0.490354445,,4/8/2018,385.74,0.510400127,,4/8/2018,0.212272609,0.501964001,0.490354445,0.510400127
4/9/2018,0.501201,0.217913478,,4/9/2018,117.78,0.508395563,,4/9/2018,7044.32,0.499165261,,4/9/2018,400.86,0.530406478,,4/9/2018,0.217913478,0.508395563,0.499165261,0.530406478
4/10/2018,0.492134,0.213971304,,4/10/2018,115.21,0.497302197,,4/10/2018,6795.44,0.481529457,,4/10/2018,399.41,0.52848788,,4/10/2018,0.213971304,0.497302197,0.481529457,0.52848788
4/11/2018,0.492568,0.21416,,4/11/2018,114.29,0.493331031,,4/11/2018,6843.47,0.484932895,,4/11/2018,415.02,0.549142585,,4/11/2018,0.21416,0.493331031,0.484932895,0.549142585
4/12/2018,0.538657,0.234198696,,4/12/2018,118.29,0.51059697,,4/12/2018,6955.38,0.492862913,,4/12/2018,430.16,0.5691754,,4/12/2018,0.234198696,0.51059697,0.492862913,0.5691754
4/13/2018,0.630093,0.273953478,,4/13/2018,129.27,0.557991971,,4/13/2018,7901.09,0.559876561,,4/13/2018,493.16,0.652535196,,4/13/2018,0.273953478,0.557991971,0.559876561,0.652535196
4/14/2018,0.63738,0.277121739,,4/14/2018,125.22,0.540510208,,4/14/2018,7874.67,0.558004422,,4/14/2018,492.58,0.651767757,,4/14/2018,0.277121739,0.540510208,0.558004422,0.651767757
4/15/2018,0.634883,0.276036087,,4/15/2018,126.67,0.546769111,,4/15/2018,7999.33,0.566837913,,4/15/2018,502.88,0.665396422,,4/15/2018,0.276036087,0.546769111,0.566837913,0.665396422
4/16/2018,0.682296,0.296650435,,4/16/2018,131.97,0.56964648,,4/16/2018,8337.57,0.590805828,,4/16/2018,532.07,0.704019795,,4/16/2018,0.296650435,0.56964648,0.590805828,0.704019795
4/17/2018,0.66489,0.289082609,,4/17/2018,128.71,0.55557474,,4/17/2018,8071.66,0.571963266,,4/17/2018,511.14,0.676325818,,4/17/2018,0.289082609,0.55557474,0.571963266,0.676325818
4/18/2018,0.657052,0.285674783,,4/18/2018,132.38,0.571416239,,4/18/2018,7944.43,0.562947662,,4/18/2018,503.31,0.665965386,,4/18/2018,0.285674783,0.571416239,0.562947662,0.665965386
4/19/2018,0.712059,0.30959087,,4/19/2018,140.04,0.604480511,,4/19/2018,8159.27,0.578171369,,4/19/2018,524.04,0.693394728,,4/19/2018,0.30959087,0.604480511,0.578171369,0.693394728
4/20/2018,0.791172,0.343987826,,4/20/2018,146.5,0.632365002,,4/20/2018,8286.88,0.5872139,,4/20/2018,567.99,0.751548111,,4/20/2018,0.343987826,0.632365002,0.5872139,0.751548111
4/21/2018,0.925021,0.402183043,,4/21/2018,155.69,0.672033496,,4/21/2018,8848.79,0.627031221,,4/21/2018,616,0.815073568,,4/21/2018,0.402183043,0.672033496,0.627031221,0.815073568
4/22/2018,0.86682,0.376878261,,4/22/2018,148.61,0.641472785,,4/22/2018,8925.06,0.632435765,,4/22/2018,606.12,0.802000635,,4/22/2018,0.376878261,0.641472785,0.632435765,0.802000635
4/23/2018,0.866578,0.376773043,,4/23/2018,146.67,0.633098804,,4/23/2018,8794.39,0.623176401,,4/23/2018,621.2,0.821954059,,4/23/2018,0.376773043,0.633098804,0.623176401,0.821954059
4/24/2018,0.876012,0.380874783,,4/24/2018,152.57,0.658566064,,4/24/2018,8934.34,0.633093352,,4/24/2018,643.4,0.851328464,,4/24/2018,0.380874783,0.658566064,0.633093352,0.851328464
4/25/2018,0.932771,0.405552609,,4/25/2018,165.09,0.712608452,,4/25/2018,9701.03,0.687421522,,4/25/2018,707.06,0.935561554,,4/25/2018,0.405552609,0.712608452,0.687421522,0.935561554
4/26/2018,0.801774,0.348597391,,4/26/2018,144.7,0.62459533,,4/26/2018,8867.32,0.628344269,,4/26/2018,618.08,0.817825765,,4/26/2018,0.348597391,0.62459533,0.628344269,0.817825765
4/27/2018,0.851139,0.370060435,,4/27/2018,153.44,0.662321405,,4/27/2018,9290.63,0.658340301,,4/27/2018,662.11,0.876085001,,4/27/2018,0.370060435,0.662321405,0.658340301,0.876085001
4/28/2018,0.812063,0.35307087,,4/28/2018,145.74,0.629084474,,4/28/2018,8939.27,0.633442695,,4/28/2018,644.65,0.852982428,,4/28/2018,0.35307087,0.629084474,0.633442695,0.852982428
4/29/2018,0.864399,0.375825652,,4/29/2018,152.16,0.656796305,,4/29/2018,9346.41,0.66229291,,4/29/2018,683.91,0.904930137,,4/29/2018,0.375825652,0.656796305,0.66229291,0.904930137
4/30/2018,0.871404,0.378871304,,4/30/2018,153.65,0.663227867,,4/30/2018,9426.11,0.667940505,,4/30/2018,689.76,0.912670689,,4/30/2018,0.378871304,0.663227867,0.667940505,0.912670689
5/1/2018,0.838355,0.364502174,,5/1/2018,148.34,0.640307334,,5/1/2018,9251.47,0.655565397,,5/1/2018,670.46,0.887133482,,5/1/2018,0.364502174,0.640307334,0.655565397,0.887133482
5/2/2018,0.839355,0.364936957,,5/2/2018,148.44,0.640738982,,5/2/2018,9104.6,0.64515809,,5/2/2018,674.08,0.891923362,,5/2/2018,0.364936957,0.640738982,0.64515809,0.891923362
5/3/2018,0.85898,0.373469565,,5/3/2018,151.86,0.65550136,,5/3/2018,9233.97,0.654325336,,5/3/2018,686.59,0.908476236,,5/3/2018,0.373469565,0.65550136,0.654325336,0.908476236
5/4/2018,0.881536,0.383276522,,5/4/2018,160.47,0.692666293,,5/4/2018,9695.5,0.687029662,,5/4/2018,776.77,1.027799831,,5/4/2018,0.383276522,0.692666293,0.687029662,1.027799831
5/5/2018,0.895562,0.389374783,,5/5/2018,168.35,0.726680192,,5/5/2018,9700.28,0.687368376,,5/5/2018,784.58,1.038133799,,5/5/2018,0.389374783,0.726680192,0.687368376,1.038133799
5/6/2018,0.904235,0.393145652,,5/6/2018,178.02,0.768420598,,5/6/2018,9845.31,0.6976453,,5/6/2018,816.09,1.079826929,,5/6/2018,0.393145652,0.768420598,0.6976453,1.079826929
5/7/2018,0.871214,0.378788696,,5/7/2018,171.76,0.741399404,,5/7/2018,9645.67,0.683498675,,5/7/2018,793.34,1.04972478,,5/7/2018,0.378788696,0.741399404,0.683498675,1.04972478
5/8/2018,0.833086,0.362211304,,5/8/2018,164.83,0.711486166,,5/8/2018,9380.87,0.664734768,,5/8/2018,755.01,0.999007621,,5/8/2018,0.362211304,0.711486166,0.664734768,0.999007621
5/9/2018,0.813393,0.35364913,,5/9/2018,159.62,0.688997281,,5/9/2018,9223.73,0.653599722,,5/9/2018,752.9,0.99621573,,5/9/2018,0.35364913,0.688997281,0.653599722,0.99621573
5/10/2018,0.803212,0.349222609,,5/10/2018,157.15,0.678335564,,5/10/2018,9325.96,0.660843809,,5/10/2018,752.58,0.995792315,,5/10/2018,0.349222609,0.678335564,0.660843809,0.995792315
5/11/2018,0.756578,0.328946957,,5/11/2018,149.44,0.645055467,,5/11/2018,9052.96,0.641498845,,5/11/2018,727.01,0.961958823,,5/11/2018,0.328946957,0.645055467,0.641498845,0.961958823
5/12/2018,0.685772,0.298161739,,5/12/2018,137.26,0.592480684,,5/12/2018,8441.44,0.598166126,,5/12/2018,679.88,0.899597756,,5/12/2018,0.298161739,0.592480684,0.598166126,0.899597756
5/13/2018,0.698085,0.303515217,,5/13/2018,141.8,0.612077524,,5/13/2018,8515.49,0.603413359,,5/13/2018,687.17,0.909243675,,5/13/2018,0.303515217,0.612077524,0.603413359,0.909243675
5/14/2018,0.744701,0.323783043,,5/14/2018,144.62,0.624250011,,5/14/2018,8713.1,0.617416136,,5/14/2018,732.73,0.969527363,,5/14/2018,0.323783043,0.624250011,0.617416136,0.969527363
5/15/2018,0.738938,0.321277391,,5/15/2018,147.49,0.636638322,,5/15/2018,8705.19,0.616855628,,5/15/2018,731.14,0.967423521,,5/15/2018,0.321277391,0.636638322,0.616855628,0.967423521
5/16/2018,0.69592,0.302573913,,5/16/2018,139.65,0.602797082,,5/16/2018,8504.41,0.602628222,,5/16/2018,708.09,0.93692442,,5/16/2018,0.302573913,0.602797082,0.602628222,0.93692442
5/17/2018,0.713388,0.310168696,,5/17/2018,139.56,0.602408598,,5/17/2018,8370.05,0.593107382,,5/17/2018,708.72,0.937758018,,5/17/2018,0.310168696,0.602408598,0.593107382,0.937758018
5/18/2018,0.6654,0.289304348,,5/18/2018,132.7,0.572797514,,5/18/2018,8091.83,0.573392526,,5/18/2018,672.1,0.889303483,,5/18/2018,0.289304348,0.572797514,0.573392526,0.889303483
5/19/2018,0.680759,0.295982174,,5/19/2018,135.97,0.586912419,,5/19/2018,8255.73,0.58500659,,5/19/2018,695.07,0.919696729,,5/19/2018,0.295982174,0.586912419,0.58500659,0.919696729
5/20/2018,0.677258,0.29446,,5/20/2018,135.27,0.583890879,,5/20/2018,8246.99,0.584387268,,5/20/2018,697.92,0.923467768,,5/20/2018,0.29446,0.583890879,0.584387268,0.923467768
5/21/2018,0.700441,0.304539565,,5/21/2018,139.64,0.602753917,,5/21/2018,8522.33,0.603898046,,5/21/2018,717.19,0.94896528,,5/21/2018,0.304539565,0.602753917,0.603898046,0.94896528
5/22/2018,0.682151,0.296587391,,5/22/2018,134.26,0.57953123,,5/22/2018,8419.87,0.596637661,,5/22/2018,700.18,0.926458135,,5/22/2018,0.296587391,0.57953123,0.596637661,0.926458135
5/23/2018,0.648634,0.282014783,,5/23/2018,128.81,0.556006388,,5/23/2018,8037.08,0.569512904,,5/23/2018,646.67,0.855655234,,5/23/2018,0.282014783,0.556006388,0.569512904,0.855655234
5/24/2018,0.599207,0.260524783,,5/24/2018,119.19,0.514481806,,5/24/2018,7561.12,0.535786057,,5/24/2018,584.54,0.773446597,,5/24/2018,0.260524783,0.514481806,0.535786057,0.773446597
5/25/2018,0.632924,0.275184348,,5/25/2018,122.56,0.529028359,,5/25/2018,7592.3,0.537995493,,5/25/2018,602.14,0.796734413,,5/25/2018,0.275184348,0.529028359,0.537995493,0.796734413
5/26/2018,0.610118,0.265268696,,5/26/2018,119.35,0.515172444,,5/26/2018,7486.48,0.530497017,,5/26/2018,587.43,0.777270562,,5/26/2018,0.265268696,0.515172444,0.530497017,0.777270562
5/27/2018,0.61204,0.266104348,,5/27/2018,118.5,0.511503432,,5/27/2018,7362.08,0.521681949,,5/27/2018,588.52,0.778712819,,5/27/2018,0.266104348,0.511503432,0.521681949,0.778712819
5/28/2018,0.608368,0.264507826,,5/28/2018,117.93,0.509043035,,5/28/2018,7371.31,0.522335993,,5/28/2018,573.04,0.758230126,,5/28/2018,0.264507826,0.509043035,0.522335993,0.758230126
5/29/2018,0.556084,0.241775652,,5/29/2018,111.84,0.482755644,,5/29/2018,7129.46,0.505198339,,5/29/2018,516.15,0.682954906,,5/29/2018,0.241775652,0.482755644,0.505198339,0.682954906
5/30/2018,0.603769,0.262508261,,5/30/2018,119.54,0.515992576,,5/30/2018,7469.73,0.5293101,,5/30/2018,566.83,0.750013232,,5/30/2018,0.262508261,0.515992576,0.5293101,0.750013232
5/31/2018,0.603452,0.262370435,,5/31/2018,117.32,0.50640998,,5/31/2018,7406.15,0.524804779,,5/31/2018,558.5,0.738991214,,5/31/2018,0.262370435,0.50640998,0.524804779,0.738991214
6/1/2018,0.612893,0.266475217,,6/1/2018,118.03,0.509474684,,6/1/2018,7500.7,0.531504656,,6/1/2018,578.67,0.765679581,,6/1/2018,0.266475217,0.509474684,0.531504656,0.765679581
6/2/2018,0.623462,0.271070435,,6/2/2018,119.83,0.517244356,,6/2/2018,7536.72,0.534057057,,6/2/2018,580.43,0.768008362,,6/2/2018,0.271070435,0.517244356,0.534057057,0.768008362
6/3/2018,0.643412,0.279744348,,6/3/2018,123.28,0.532136228,,6/3/2018,7632.09,0.540815039,,6/3/2018,591.26,0.782338308,,6/3/2018,0.279744348,0.532136228,0.540815039,0.782338308
6/4/2018,0.692466,0.301072174,,6/4/2018,125.21,0.540467044,,6/4/2018,7722.53,0.547223679,,6/4/2018,619.44,0.819625278,,6/4/2018,0.301072174,0.540467044,0.547223679,0.819625278
6/5/2018,0.661898,0.287781739,,6/5/2018,119.9,0.51754651,,6/5/2018,7500.9,0.531518828,,6/5/2018,593.41,0.785183127,,6/5/2018,0.287781739,0.51754651,0.531518828,0.785183127
6/6/2018,0.677901,0.294739565,,6/6/2018,121.89,0.526136315,,6/6/2018,7625.97,0.540381372,,6/6/2018,610.26,0.807478565,,6/6/2018,0.294739565,0.526136315,0.540381372,0.807478565
6/7/2018,0.675313,0.293614348,,6/7/2018,121.34,0.523762248,,6/7/2018,7650.82,0.54214226,,6/7/2018,607.69,0.804078014,,6/7/2018,0.293614348,0.523762248,0.54214226,0.804078014
6/8/2018,0.677586,0.294602609,,6/8/2018,121.52,0.524539215,,6/8/2018,7685.14,0.544574198,,6/8/2018,605.44,0.801100879,,6/8/2018,0.294602609,0.524539215,0.544574198,0.801100879
6/9/2018,0.674778,0.293381739,,6/9/2018,120.11,0.518452972,,6/9/2018,7632.52,0.54084551,,6/9/2018,600.9,0.795093681,,6/9/2018,0.293381739,0.518452972,0.54084551,0.795093681
6/10/2018,0.659514,0.286745217,,6/10/2018,117.56,0.507445936,,6/10/2018,7499.55,0.531423166,,6/10/2018,594.35,0.786426908,,6/10/2018,0.286745217,0.507445936,0.531423166,0.786426908
6/11/2018,0.586198,0.254868696,,6/11/2018,106.54,0.459878275,,6/11/2018,6799.29,0.48180227,,6/11/2018,524.86,0.694479729,,6/11/2018,0.254868696,0.459878275,0.48180227,0.694479729
6/12/2018,0.602136,0.261798261,,6/12/2018,107.43,0.463719946,,6/12/2018,6905.82,0.489351058,,6/12/2018,532.71,0.704866624,,6/12/2018,0.261798261,0.463719946,0.489351058,0.704866624
6/13/2018,0.562845,0.244715217,,6/13/2018,100.8,0.435101653,,6/13/2018,6596.88,0.467459361,,6/13/2018,498.02,0.658965809,,6/13/2018,0.244715217,0.435101653,0.467459361,0.658965809
6/14/2018,0.535435,0.232797826,,6/14/2018,93.99,0.405706393,,6/14/2018,6342.75,0.449451538,,6/14/2018,478.38,0.632978723,,6/14/2018,0.232797826,0.405706393,0.449451538,0.632978723
6/15/2018,0.560062,0.243505217,,6/15/2018,101.11,0.436439763,,6/15/2018,6674.08,0.472929805,,6/15/2018,520.48,0.688684238,,6/15/2018,0.243505217,0.436439763,0.472929805,0.688684238
6/16/2018,0.537106,0.233524348,,6/16/2018,96.58,0.416886088,,6/16/2018,6455.45,0.457437536,,6/16/2018,490.41,0.648896475,,6/16/2018,0.233524348,0.416886088,0.457437536,0.648896475
6/17/2018,0.535536,0.232841739,,6/17/2018,97.72,0.42180688,,6/17/2018,6545.53,0.463820666,,6/17/2018,499.46,0.660871176,,6/17/2018,0.232841739,0.42180688,0.463820666,0.660871176
6/18/2018,0.52882,0.229921739,,6/18/2018,95.77,0.413389735,,6/18/2018,6510.07,0.461307946,,6/18/2018,499.38,0.660765322,,6/18/2018,0.229921739,0.413389735,0.461307946,0.660765322
6/19/2018,0.538614,0.23418,,6/19/2018,98.73,0.42616653,,6/19/2018,6742.39,0.477770298,,6/19/2018,519.02,0.686752408,,6/19/2018,0.23418,0.42616653,0.477770298,0.686752408
6/20/2018,0.549738,0.239016522,,6/20/2018,98.96,0.427159321,,6/20/2018,6770.76,0.479780615,,6/20/2018,538.51,0.712541018,,6/20/2018,0.239016522,0.427159321,0.479780615,0.712541018
6/21/2018,0.539228,0.234446957,,6/21/2018,97.88,0.422497518,,6/21/2018,6780.09,0.480441745,,6/21/2018,536.45,0.709815285,,6/21/2018,0.234446957,0.422497518,0.480441745,0.709815285
6/22/2018,0.535091,0.232648261,,6/22/2018,96.94,0.418440022,,6/22/2018,6737.88,0.477450716,,6/22/2018,527.19,0.697562718,,6/22/2018,0.232648261,0.418440022,0.477450716,0.697562718
6/23/2018,0.487309,0.211873478,,6/23/2018,85.09,0.367289679,,6/23/2018,6090.1,0.431548589,,6/23/2018,466.27,0.616955118,,6/23/2018,0.211873478,0.367289679,0.431548589,0.616955118
6/24/2018,0.491773,0.213814348,,6/24/2018,82.74,0.35714594,,6/24/2018,6164.28,0.436805034,,6/24/2018,474.77,0.628202075,,6/24/2018,0.213814348,0.35714594,0.436805034,0.628202075
6/25/2018,0.477106,0.207437391,,6/25/2018,80.37,0.346915872,,6/25/2018,6171.97,0.437349953,,6/25/2018,455.94,0.603286758,,6/25/2018,0.207437391,0.346915872,0.437349953,0.603286758
6/26/2018,0.482381,0.20973087,,6/26/2018,81.82,0.353174774,,6/26/2018,6253.55,0.443130766,,6/26/2018,460.73,0.609624749,,6/26/2018,0.20973087,0.353174774,0.443130766,0.609624749
