lendiff1,lendiff2,lendiff3,lendiff4,lendiff5,lendiff6,lendiff7,lendiff8,lendiff9,lendiff10,lendiff11,lendiff12
122.7573953,-167.4122491,119.7802839,11.61035742,-95.4372731,53.9990971,1.015689442,-1.502034443,11.93630963,-26.00738387,13.42458339,16.87217481
-167.4122491,119.7802839,11.61035742,-95.4372731,53.9990971,1.015689442,-1.502034443,11.93630963,-26.00738387,13.42458339,16.87217481,-53.12623662
119.7802839,11.61035742,-95.4372731,53.9990971,1.015689442,-1.502034443,11.93630963,-26.00738387,13.42458339,16.87217481,-53.12623662,65.08585906
11.61035742,-95.4372731,53.9990971,1.015689442,-1.502034443,11.93630963,-26.00738387,13.42458339,16.87217481,-53.12623662,65.08585906,-56.45448886
-95.4372731,53.9990971,1.015689442,-1.502034443,11.93630963,-26.00738387,13.42458339,16.87217481,-53.12623662,65.08585906,-56.45448886,40.19763885
53.9990971,1.015689442,-1.502034443,11.93630963,-26.00738387,13.42458339,16.87217481,-53.12623662,65.08585906,-56.45448886,40.19763885,-8.475027491
1.015689442,-1.502034443,11.93630963,-26.00738387,13.42458339,16.87217481,-53.12623662,65.08585906,-56.45448886,40.19763885,-8.475027491,-11.51238523
-1.502034443,11.93630963,-26.00738387,13.42458339,16.87217481,-53.12623662,65.08585906,-56.45448886,40.19763885,-8.475027491,-11.51238523,-11.25856422
11.93630963,-26.00738387,13.42458339,16.87217481,-53.12623662,65.08585906,-56.45448886,40.19763885,-8.475027491,-11.51238523,-11.25856422,32.31048477
-26.00738387,13.42458339,16.87217481,-53.12623662,65.08585906,-56.45448886,40.19763885,-8.475027491,-11.51238523,-11.25856422,32.31048477,-19.92886524
13.42458339,16.87217481,-53.12623662,65.08585906,-56.45448886,40.19763885,-8.475027491,-11.51238523,-11.25856422,32.31048477,-19.92886524,50.22190877
16.87217481,-53.12623662,65.08585906,-56.45448886,40.19763885,-8.475027491,-11.51238523,-11.25856422,32.31048477,-19.92886524,50.22190877,-120.6771281
-53.12623662,65.08585906,-56.45448886,40.19763885,-8.475027491,-11.51238523,-11.25856422,32.31048477,-19.92886524,50.22190877,-120.6771281,79.16453962
65.08585906,-56.45448886,40.19763885,-8.475027491,-11.51238523,-11.25856422,32.31048477,-19.92886524,50.22190877,-120.6771281,79.16453962,23.95658382
-56.45448886,40.19763885,-8.475027491,-11.51238523,-11.25856422,32.31048477,-19.92886524,50.22190877,-120.6771281,79.16453962,23.95658382,-16.24494667
40.19763885,-8.475027491,-11.51238523,-11.25856422,32.31048477,-19.92886524,50.22190877,-120.6771281,79.16453962,23.95658382,-16.24494667,-41.83456052
-8.475027491,-11.51238523,-11.25856422,32.31048477,-19.92886524,50.22190877,-120.6771281,79.16453962,23.95658382,-16.24494667,-41.83456052,63.85925955
-11.51238523,-11.25856422,32.31048477,-19.92886524,50.22190877,-120.6771281,79.16453962,23.95658382,-16.24494667,-41.83456052,63.85925955,-73.39888335
-11.25856422,32.31048477,-19.92886524,50.22190877,-120.6771281,79.16453962,23.95658382,-16.24494667,-41.83456052,63.85925955,-73.39888335,71.79717784
32.31048477,-19.92886524,50.22190877,-120.6771281,79.16453962,23.95658382,-16.24494667,-41.83456052,63.85925955,-73.39888335,71.79717784,-56.64394345
-19.92886524,50.22190877,-120.6771281,79.16453962,23.95658382,-16.24494667,-41.83456052,63.85925955,-73.39888335,71.79717784,-56.64394345,36.88298883
50.22190877,-120.6771281,79.16453962,23.95658382,-16.24494667,-41.83456052,63.85925955,-73.39888335,71.79717784,-56.64394345,36.88298883,0.933759178
-120.6771281,79.16453962,23.95658382,-16.24494667,-41.83456052,63.85925955,-73.39888335,71.79717784,-56.64394345,36.88298883,0.933759178,-21.40160947
79.16453962,23.95658382,-16.24494667,-41.83456052,63.85925955,-73.39888335,71.79717784,-56.64394345,36.88298883,0.933759178,-21.40160947,-22.53858391
23.95658382,-16.24494667,-41.83456052,63.85925955,-73.39888335,71.79717784,-56.64394345,36.88298883,0.933759178,-21.40160947,-22.53858391,50.03609889
-16.24494667,-41.83456052,63.85925955,-73.39888335,71.79717784,-56.64394345,36.88298883,0.933759178,-21.40160947,-22.53858391,50.03609889,-5.996322916
-41.83456052,63.85925955,-73.39888335,71.79717784,-56.64394345,36.88298883,0.933759178,-21.40160947,-22.53858391,50.03609889,-5.996322916,-20.27459256
63.85925955,-73.39888335,71.79717784,-56.64394345,36.88298883,0.933759178,-21.40160947,-22.53858391,50.03609889,-5.996322916,-20.27459256,-9.883475265
-73.39888335,71.79717784,-56.64394345,36.88298883,0.933759178,-21.40160947,-22.53858391,50.03609889,-5.996322916,-20.27459256,-9.883475265,40.54149031
71.79717784,-56.64394345,36.88298883,0.933759178,-21.40160947,-22.53858391,50.03609889,-5.996322916,-20.27459256,-9.883475265,40.54149031,-48.53997187
-56.64394345,36.88298883,0.933759178,-21.40160947,-22.53858391,50.03609889,-5.996322916,-20.27459256,-9.883475265,40.54149031,-48.53997187,27.96054716
36.88298883,0.933759178,-21.40160947,-22.53858391,50.03609889,-5.996322916,-20.27459256,-9.883475265,40.54149031,-48.53997187,27.96054716,0.607471548
0.933759178,-21.40160947,-22.53858391,50.03609889,-5.996322916,-20.27459256,-9.883475265,40.54149031,-48.53997187,27.96054716,0.607471548,-0.816435787
-21.40160947,-22.53858391,50.03609889,-5.996322916,-20.27459256,-9.883475265,40.54149031,-48.53997187,27.96054716,0.607471548,-0.816435787,-0.707054132
-22.53858391,50.03609889,-5.996322916,-20.27459256,-9.883475265,40.54149031,-48.53997187,27.96054716,0.607471548,-0.816435787,-0.707054132,-1.39459861
50.03609889,-5.996322916,-20.27459256,-9.883475265,40.54149031,-48.53997187,27.96054716,0.607471548,-0.816435787,-0.707054132,-1.39459861,-6.221082141
-5.996322916,-20.27459256,-9.883475265,40.54149031,-48.53997187,27.96054716,0.607471548,-0.816435787,-0.707054132,-1.39459861,-6.221082141,20.53837109
-20.27459256,-9.883475265,40.54149031,-48.53997187,27.96054716,0.607471548,-0.816435787,-0.707054132,-1.39459861,-6.221082141,20.53837109,-35.49624347
-9.883475265,40.54149031,-48.53997187,27.96054716,0.607471548,-0.816435787,-0.707054132,-1.39459861,-6.221082141,20.53837109,-35.49624347,20.95233796
40.54149031,-48.53997187,27.96054716,0.607471548,-0.816435787,-0.707054132,-1.39459861,-6.221082141,20.53837109,-35.49624347,20.95233796,16.84286609
-48.53997187,27.96054716,0.607471548,-0.816435787,-0.707054132,-1.39459861,-6.221082141,20.53837109,-35.49624347,20.95233796,16.84286609,-47.88958937
27.96054716,0.607471548,-0.816435787,-0.707054132,-1.39459861,-6.221082141,20.53837109,-35.49624347,20.95233796,16.84286609,-47.88958937,55.32941777
0.607471548,-0.816435787,-0.707054132,-1.39459861,-6.221082141,20.53837109,-35.49624347,20.95233796,16.84286609,-47.88958937,55.32941777,-39.5394031
-0.816435787,-0.707054132,-1.39459861,-6.221082141,20.53837109,-35.49624347,20.95233796,16.84286609,-47.88958937,55.32941777,-39.5394031,15.36609027
-0.707054132,-1.39459861,-6.221082141,20.53837109,-35.49624347,20.95233796,16.84286609,-47.88958937,55.32941777,-39.5394031,15.36609027,15.71779499
-1.39459861,-6.221082141,20.53837109,-35.49624347,20.95233796,16.84286609,-47.88958937,55.32941777,-39.5394031,15.36609027,15.71779499,-46.35630038
-6.221082141,20.53837109,-35.49624347,20.95233796,16.84286609,-47.88958937,55.32941777,-39.5394031,15.36609027,15.71779499,-46.35630038,53.43867508
20.53837109,-35.49624347,20.95233796,16.84286609,-47.88958937,55.32941777,-39.5394031,15.36609027,15.71779499,-46.35630038,53.43867508,-29.36494484
-35.49624347,20.95233796,16.84286609,-47.88958937,55.32941777,-39.5394031,15.36609027,15.71779499,-46.35630038,53.43867508,-29.36494484,-5.351936329
20.95233796,16.84286609,-47.88958937,55.32941777,-39.5394031,15.36609027,15.71779499,-46.35630038,53.43867508,-29.36494484,-5.351936329,46.64153439
16.84286609,-47.88958937,55.32941777,-39.5394031,15.36609027,15.71779499,-46.35630038,53.43867508,-29.36494484,-5.351936329,46.64153439,-84.12414152
-47.88958937,55.32941777,-39.5394031,15.36609027,15.71779499,-46.35630038,53.43867508,-29.36494484,-5.351936329,46.64153439,-84.12414152,63.63839197
55.32941777,-39.5394031,15.36609027,15.71779499,-46.35630038,53.43867508,-29.36494484,-5.351936329,46.64153439,-84.12414152,63.63839197,0.384905082
-39.5394031,15.36609027,15.71779499,-46.35630038,53.43867508,-29.36494484,-5.351936329,46.64153439,-84.12414152,63.63839197,0.384905082,-32.48042969
15.36609027,15.71779499,-46.35630038,53.43867508,-29.36494484,-5.351936329,46.64153439,-84.12414152,63.63839197,0.384905082,-32.48042969,8.260155824
15.71779499,-46.35630038,53.43867508,-29.36494484,-5.351936329,46.64153439,-84.12414152,63.63839197,0.384905082,-32.48042969,8.260155824,48.59284035
-46.35630038,53.43867508,-29.36494484,-5.351936329,46.64153439,-84.12414152,63.63839197,0.384905082,-32.48042969,8.260155824,48.59284035,-87.30204698
53.43867508,-29.36494484,-5.351936329,46.64153439,-84.12414152,63.63839197,0.384905082,-32.48042969,8.260155824,48.59284035,-87.30204698,49.32499466
-29.36494484,-5.351936329,46.64153439,-84.12414152,63.63839197,0.384905082,-32.48042969,8.260155824,48.59284035,-87.30204698,49.32499466,49.84494542
-5.351936329,46.64153439,-84.12414152,63.63839197,0.384905082,-32.48042969,8.260155824,48.59284035,-87.30204698,49.32499466,49.84494542,-112.4617405
46.64153439,-84.12414152,63.63839197,0.384905082,-32.48042969,8.260155824,48.59284035,-87.30204698,49.32499466,49.84494542,-112.4617405,78.31499195
-84.12414152,63.63839197,0.384905082,-32.48042969,8.260155824,48.59284035,-87.30204698,49.32499466,49.84494542,-112.4617405,78.31499195,-5.427959165
63.63839197,0.384905082,-32.48042969,8.260155824,48.59284035,-87.30204698,49.32499466,49.84494542,-112.4617405,78.31499195,-5.427959165,-15.47158029
0.384905082,-32.48042969,8.260155824,48.59284035,-87.30204698,49.32499466,49.84494542,-112.4617405,78.31499195,-5.427959165,-15.47158029,18.81562752
-32.48042969,8.260155824,48.59284035,-87.30204698,49.32499466,49.84494542,-112.4617405,78.31499195,-5.427959165,-15.47158029,18.81562752,-38.23273067
8.260155824,48.59284035,-87.30204698,49.32499466,49.84494542,-112.4617405,78.31499195,-5.427959165,-15.47158029,18.81562752,-38.23273067,40.25041884
48.59284035,-87.30204698,49.32499466,49.84494542,-112.4617405,78.31499195,-5.427959165,-15.47158029,18.81562752,-38.23273067,40.25041884,-65.67001779
-87.30204698,49.32499466,49.84494542,-112.4617405,78.31499195,-5.427959165,-15.47158029,18.81562752,-38.23273067,40.25041884,-65.67001779,88.95637403
49.32499466,49.84494542,-112.4617405,78.31499195,-5.427959165,-15.47158029,18.81562752,-38.23273067,40.25041884,-65.67001779,88.95637403,-37.70128195
49.84494542,-112.4617405,78.31499195,-5.427959165,-15.47158029,18.81562752,-38.23273067,40.25041884,-65.67001779,88.95637403,-37.70128195,-25.08552804
-112.4617405,78.31499195,-5.427959165,-15.47158029,18.81562752,-38.23273067,40.25041884,-65.67001779,88.95637403,-37.70128195,-25.08552804,67.43963393
78.31499195,-5.427959165,-15.47158029,18.81562752,-38.23273067,40.25041884,-65.67001779,88.95637403,-37.70128195,-25.08552804,67.43963393,-111.7019764
-5.427959165,-15.47158029,18.81562752,-38.23273067,40.25041884,-65.67001779,88.95637403,-37.70128195,-25.08552804,67.43963393,-111.7019764,104.7775548
-15.47158029,18.81562752,-38.23273067,40.25041884,-65.67001779,88.95637403,-37.70128195,-25.08552804,67.43963393,-111.7019764,104.7775548,-47.71364853
18.81562752,-38.23273067,40.25041884,-65.67001779,88.95637403,-37.70128195,-25.08552804,67.43963393,-111.7019764,104.7775548,-47.71364853,20.45044491
-38.23273067,40.25041884,-65.67001779,88.95637403,-37.70128195,-25.08552804,67.43963393,-111.7019764,104.7775548,-47.71364853,20.45044491,-20.1144467
40.25041884,-65.67001779,88.95637403,-37.70128195,-25.08552804,67.43963393,-111.7019764,104.7775548,-47.71364853,20.45044491,-20.1144467,-1.769704621
-65.67001779,88.95637403,-37.70128195,-25.08552804,67.43963393,-111.7019764,104.7775548,-47.71364853,20.45044491,-20.1144467,-1.769704621,26.97036329
88.95637403,-37.70128195,-25.08552804,67.43963393,-111.7019764,104.7775548,-47.71364853,20.45044491,-20.1144467,-1.769704621,26.97036329,-39.88520038
-37.70128195,-25.08552804,67.43963393,-111.7019764,104.7775548,-47.71364853,20.45044491,-20.1144467,-1.769704621,26.97036329,-39.88520038,41.89892695
-25.08552804,67.43963393,-111.7019764,104.7775548,-47.71364853,20.45044491,-20.1144467,-1.769704621,26.97036329,-39.88520038,41.89892695,-21.52660914
67.43963393,-111.7019764,104.7775548,-47.71364853,20.45044491,-20.1144467,-1.769704621,26.97036329,-39.88520038,41.89892695,-21.52660914,11.8171289
-111.7019764,104.7775548,-47.71364853,20.45044491,-20.1144467,-1.769704621,26.97036329,-39.88520038,41.89892695,-21.52660914,11.8171289,-22.74940549
104.7775548,-47.71364853,20.45044491,-20.1144467,-1.769704621,26.97036329,-39.88520038,41.89892695,-21.52660914,11.8171289,-22.74940549,31.41203023
-47.71364853,20.45044491,-20.1144467,-1.769704621,26.97036329,-39.88520038,41.89892695,-21.52660914,11.8171289,-22.74940549,31.41203023,-36.20135178
20.45044491,-20.1144467,-1.769704621,26.97036329,-39.88520038,41.89892695,-21.52660914,11.8171289,-22.74940549,31.41203023,-36.20135178,36.26191506
-20.1144467,-1.769704621,26.97036329,-39.88520038,41.89892695,-21.52660914,11.8171289,-22.74940549,31.41203023,-36.20135178,36.26191506,-28.49969068
-1.769704621,26.97036329,-39.88520038,41.89892695,-21.52660914,11.8171289,-22.74940549,31.41203023,-36.20135178,36.26191506,-28.49969068,-12.00083451
26.97036329,-39.88520038,41.89892695,-21.52660914,11.8171289,-22.74940549,31.41203023,-36.20135178,36.26191506,-28.49969068,-12.00083451,73.99080685
-39.88520038,41.89892695,-21.52660914,11.8171289,-22.74940549,31.41203023,-36.20135178,36.26191506,-28.49969068,-12.00083451,73.99080685,-120.0052016
41.89892695,-21.52660914,11.8171289,-22.74940549,31.41203023,-36.20135178,36.26191506,-28.49969068,-12.00083451,73.99080685,-120.0052016,114.1589785
-21.52660914,11.8171289,-22.74940549,31.41203023,-36.20135178,36.26191506,-28.49969068,-12.00083451,73.99080685,-120.0052016,114.1589785,-35.77143148
11.8171289,-22.74940549,31.41203023,-36.20135178,36.26191506,-28.49969068,-12.00083451,73.99080685,-120.0052016,114.1589785,-35.77143148,-41.09819766
-22.74940549,31.41203023,-36.20135178,36.26191506,-28.49969068,-12.00083451,73.99080685,-120.0052016,114.1589785,-35.77143148,-41.09819766,61.54855409
31.41203023,-36.20135178,36.26191506,-28.49969068,-12.00083451,73.99080685,-120.0052016,114.1589785,-35.77143148,-41.09819766,61.54855409,-76.01627831
-36.20135178,36.26191506,-28.49969068,-12.00083451,73.99080685,-120.0052016,114.1589785,-35.77143148,-41.09819766,61.54855409,-76.01627831,84.18656213
36.26191506,-28.49969068,-12.00083451,73.99080685,-120.0052016,114.1589785,-35.77143148,-41.09819766,61.54855409,-76.01627831,84.18656213,-40.41631367
-28.49969068,-12.00083451,73.99080685,-120.0052016,114.1589785,-35.77143148,-41.09819766,61.54855409,-76.01627831,84.18656213,-40.41631367,5.73473714
-12.00083451,73.99080685,-120.0052016,114.1589785,-35.77143148,-41.09819766,61.54855409,-76.01627831,84.18656213,-40.41631367,5.73473714,-4.963158127
73.99080685,-120.0052016,114.1589785,-35.77143148,-41.09819766,61.54855409,-76.01627831,84.18656213,-40.41631367,5.73473714,-4.963158127,-35.50029357
-120.0052016,114.1589785,-35.77143148,-41.09819766,61.54855409,-76.01627831,84.18656213,-40.41631367,5.73473714,-4.963158127,-35.50029357,76.87562505
114.1589785,-35.77143148,-41.09819766,61.54855409,-76.01627831,84.18656213,-40.41631367,5.73473714,-4.963158127,-35.50029357,76.87562505,-57.59121637
-35.77143148,-41.09819766,61.54855409,-76.01627831,84.18656213,-40.41631367,5.73473714,-4.963158127,-35.50029357,76.87562505,-57.59121637,23.70057005
-41.09819766,61.54855409,-76.01627831,84.18656213,-40.41631367,5.73473714,-4.963158127,-35.50029357,76.87562505,-57.59121637,23.70057005,12.88172521
61.54855409,-76.01627831,84.18656213,-40.41631367,5.73473714,-4.963158127,-35.50029357,76.87562505,-57.59121637,23.70057005,12.88172521,-29.92554383
-76.01627831,84.18656213,-40.41631367,5.73473714,-4.963158127,-35.50029357,76.87562505,-57.59121637,23.70057005,12.88172521,-29.92554383,-25.53294222
84.18656213,-40.41631367,5.73473714,-4.963158127,-35.50029357,76.87562505,-57.59121637,23.70057005,12.88172521,-29.92554383,-25.53294222,74.25046533
-40.41631367,5.73473714,-4.963158127,-35.50029357,76.87562505,-57.59121637,23.70057005,12.88172521,-29.92554383,-25.53294222,74.25046533,-26.97991543
5.73473714,-4.963158127,-35.50029357,76.87562505,-57.59121637,23.70057005,12.88172521,-29.92554383,-25.53294222,74.25046533,-26.97991543,-46.83488062
-4.963158127,-35.50029357,76.87562505,-57.59121637,23.70057005,12.88172521,-29.92554383,-25.53294222,74.25046533,-26.97991543,-46.83488062,49.69815485
-35.50029357,76.87562505,-57.59121637,23.70057005,12.88172521,-29.92554383,-25.53294222,74.25046533,-26.97991543,-46.83488062,49.69815485,3.340155587
76.87562505,-57.59121637,23.70057005,12.88172521,-29.92554383,-25.53294222,74.25046533,-26.97991543,-46.83488062,49.69815485,3.340155587,-50.41905815
-57.59121637,23.70057005,12.88172521,-29.92554383,-25.53294222,74.25046533,-26.97991543,-46.83488062,49.69815485,3.340155587,-50.41905815,52.22762363
23.70057005,12.88172521,-29.92554383,-25.53294222,74.25046533,-26.97991543,-46.83488062,49.69815485,3.340155587,-50.41905815,52.22762363,3.160500074
12.88172521,-29.92554383,-25.53294222,74.25046533,-26.97991543,-46.83488062,49.69815485,3.340155587,-50.41905815,52.22762363,3.160500074,-56.30414208
-29.92554383,-25.53294222,74.25046533,-26.97991543,-46.83488062,49.69815485,3.340155587,-50.41905815,52.22762363,3.160500074,-56.30414208,52.41318657
-25.53294222,74.25046533,-26.97991543,-46.83488062,49.69815485,3.340155587,-50.41905815,52.22762363,3.160500074,-56.30414208,52.41318657,-26.27691139
74.25046533,-26.97991543,-46.83488062,49.69815485,3.340155587,-50.41905815,52.22762363,3.160500074,-56.30414208,52.41318657,-26.27691139,6.764028809
-26.97991543,-46.83488062,49.69815485,3.340155587,-50.41905815,52.22762363,3.160500074,-56.30414208,52.41318657,-26.27691139,6.764028809,24.98789128
-46.83488062,49.69815485,3.340155587,-50.41905815,52.22762363,3.160500074,-56.30414208,52.41318657,-26.27691139,6.764028809,24.98789128,-49.55566132
49.69815485,3.340155587,-50.41905815,52.22762363,3.160500074,-56.30414208,52.41318657,-26.27691139,6.764028809,24.98789128,-49.55566132,26.94680354
3.340155587,-50.41905815,52.22762363,3.160500074,-56.30414208,52.41318657,-26.27691139,6.764028809,24.98789128,-49.55566132,26.94680354,17.71986515
-50.41905815,52.22762363,3.160500074,-56.30414208,52.41318657,-26.27691139,6.764028809,24.98789128,-49.55566132,26.94680354,17.71986515,-43.02990547
52.22762363,3.160500074,-56.30414208,52.41318657,-26.27691139,6.764028809,24.98789128,-49.55566132,26.94680354,17.71986515,-43.02990547,55.64785215
3.160500074,-56.30414208,52.41318657,-26.27691139,6.764028809,24.98789128,-49.55566132,26.94680354,17.71986515,-43.02990547,55.64785215,-41.28749379
-56.30414208,52.41318657,-26.27691139,6.764028809,24.98789128,-49.55566132,26.94680354,17.71986515,-43.02990547,55.64785215,-41.28749379,-29.78515457
52.41318657,-26.27691139,6.764028809,24.98789128,-49.55566132,26.94680354,17.71986515,-43.02990547,55.64785215,-41.28749379,-29.78515457,73.55312178
-26.27691139,6.764028809,24.98789128,-49.55566132,26.94680354,17.71986515,-43.02990547,55.64785215,-41.28749379,-29.78515457,73.55312178,-29.01720174
6.764028809,24.98789128,-49.55566132,26.94680354,17.71986515,-43.02990547,55.64785215,-41.28749379,-29.78515457,73.55312178,-29.01720174,-14.85245233
24.98789128,-49.55566132,26.94680354,17.71986515,-43.02990547,55.64785215,-41.28749379,-29.78515457,73.55312178,-29.01720174,-14.85245233,37.56089269
-49.55566132,26.94680354,17.71986515,-43.02990547,55.64785215,-41.28749379,-29.78515457,73.55312178,-29.01720174,-14.85245233,37.56089269,-76.73507733
26.94680354,17.71986515,-43.02990547,55.64785215,-41.28749379,-29.78515457,73.55312178,-29.01720174,-14.85245233,37.56089269,-76.73507733,70.40832821
17.71986515,-43.02990547,55.64785215,-41.28749379,-29.78515457,73.55312178,-29.01720174,-14.85245233,37.56089269,-76.73507733,70.40832821,-13.23114868
-43.02990547,55.64785215,-41.28749379,-29.78515457,73.55312178,-29.01720174,-14.85245233,37.56089269,-76.73507733,70.40832821,-13.23114868,17.26679048
55.64785215,-41.28749379,-29.78515457,73.55312178,-29.01720174,-14.85245233,37.56089269,-76.73507733,70.40832821,-13.23114868,17.26679048,-83.84295761
-41.28749379,-29.78515457,73.55312178,-29.01720174,-14.85245233,37.56089269,-76.73507733,70.40832821,-13.23114868,17.26679048,-83.84295761,87.67301441
-29.78515457,73.55312178,-29.01720174,-14.85245233,37.56089269,-76.73507733,70.40832821,-13.23114868,17.26679048,-83.84295761,87.67301441,-25.10293342
73.55312178,-29.01720174,-14.85245233,37.56089269,-76.73507733,70.40832821,-13.23114868,17.26679048,-83.84295761,87.67301441,-25.10293342,-3.834195387
-29.01720174,-14.85245233,37.56089269,-76.73507733,70.40832821,-13.23114868,17.26679048,-83.84295761,87.67301441,-25.10293342,-3.834195387,-4.609666043
-14.85245233,37.56089269,-76.73507733,70.40832821,-13.23114868,17.26679048,-83.84295761,87.67301441,-25.10293342,-3.834195387,-4.609666043,5.836265545
37.56089269,-76.73507733,70.40832821,-13.23114868,17.26679048,-83.84295761,87.67301441,-25.10293342,-3.834195387,-4.609666043,5.836265545,9.795549086
-76.73507733,70.40832821,-13.23114868,17.26679048,-83.84295761,87.67301441,-25.10293342,-3.834195387,-4.609666043,5.836265545,9.795549086,-25.92536512
70.40832821,-13.23114868,17.26679048,-83.84295761,87.67301441,-25.10293342,-3.834195387,-4.609666043,5.836265545,9.795549086,-25.92536512,33.69342697
-13.23114868,17.26679048,-83.84295761,87.67301441,-25.10293342,-3.834195387,-4.609666043,5.836265545,9.795549086,-25.92536512,33.69342697,-24.51895166
17.26679048,-83.84295761,87.67301441,-25.10293342,-3.834195387,-4.609666043,5.836265545,9.795549086,-25.92536512,33.69342697,-24.51895166,-29.52728346
-83.84295761,87.67301441,-25.10293342,-3.834195387,-4.609666043,5.836265545,9.795549086,-25.92536512,33.69342697,-24.51895166,-29.52728346,62.51146354
87.67301441,-25.10293342,-3.834195387,-4.609666043,5.836265545,9.795549086,-25.92536512,33.69342697,-24.51895166,-29.52728346,62.51146354,-15.61991129
-25.10293342,-3.834195387,-4.609666043,5.836265545,9.795549086,-25.92536512,33.69342697,-24.51895166,-29.52728346,62.51146354,-15.61991129,-58.19302742
-3.834195387,-4.609666043,5.836265545,9.795549086,-25.92536512,33.69342697,-24.51895166,-29.52728346,62.51146354,-15.61991129,-58.19302742,80.23513184
-4.609666043,5.836265545,9.795549086,-25.92536512,33.69342697,-24.51895166,-29.52728346,62.51146354,-15.61991129,-58.19302742,80.23513184,-24.95444397
5.836265545,9.795549086,-25.92536512,33.69342697,-24.51895166,-29.52728346,62.51146354,-15.61991129,-58.19302742,80.23513184,-24.95444397,-14.18830915
9.795549086,-25.92536512,33.69342697,-24.51895166,-29.52728346,62.51146354,-15.61991129,-58.19302742,80.23513184,-24.95444397,-14.18830915,12.08276477
-25.92536512,33.69342697,-24.51895166,-29.52728346,62.51146354,-15.61991129,-58.19302742,80.23513184,-24.95444397,-14.18830915,12.08276477,-47.96585915
33.69342697,-24.51895166,-29.52728346,62.51146354,-15.61991129,-58.19302742,80.23513184,-24.95444397,-14.18830915,12.08276477,-47.96585915,85.78826765
-24.51895166,-29.52728346,62.51146354,-15.61991129,-58.19302742,80.23513184,-24.95444397,-14.18830915,12.08276477,-47.96585915,85.78826765,-52.50686173
-29.52728346,62.51146354,-15.61991129,-58.19302742,80.23513184,-24.95444397,-14.18830915,12.08276477,-47.96585915,85.78826765,-52.50686173,-9.178366953
62.51146354,-15.61991129,-58.19302742,80.23513184,-24.95444397,-14.18830915,12.08276477,-47.96585915,85.78826765,-52.50686173,-9.178366953,25.77882149
-15.61991129,-58.19302742,80.23513184,-24.95444397,-14.18830915,12.08276477,-47.96585915,85.78826765,-52.50686173,-9.178366953,25.77882149,-10.24473211
-58.19302742,80.23513184,-24.95444397,-14.18830915,12.08276477,-47.96585915,85.78826765,-52.50686173,-9.178366953,25.77882149,-10.24473211,9.441987038
80.23513184,-24.95444397,-14.18830915,12.08276477,-47.96585915,85.78826765,-52.50686173,-9.178366953,25.77882149,-10.24473211,9.441987038,17.07928172
-24.95444397,-14.18830915,12.08276477,-47.96585915,85.78826765,-52.50686173,-9.178366953,25.77882149,-10.24473211,9.441987038,17.07928172,-68.37518048
-14.18830915,12.08276477,-47.96585915,85.78826765,-52.50686173,-9.178366953,25.77882149,-10.24473211,9.441987038,17.07928172,-68.37518048,33.84943425
12.08276477,-47.96585915,85.78826765,-52.50686173,-9.178366953,25.77882149,-10.24473211,9.441987038,17.07928172,-68.37518048,33.84943425,36.63305946
-47.96585915,85.78826765,-52.50686173,-9.178366953,25.77882149,-10.24473211,9.441987038,17.07928172,-68.37518048,33.84943425,36.63305946,-10.21137329
85.78826765,-52.50686173,-9.178366953,25.77882149,-10.24473211,9.441987038,17.07928172,-68.37518048,33.84943425,36.63305946,-10.21137329,-46.68639117
-52.50686173,-9.178366953,25.77882149,-10.24473211,9.441987038,17.07928172,-68.37518048,33.84943425,36.63305946,-10.21137329,-46.68639117,40.21909433
-9.178366953,25.77882149,-10.24473211,9.441987038,17.07928172,-68.37518048,33.84943425,36.63305946,-10.21137329,-46.68639117,40.21909433,6.875514736
25.77882149,-10.24473211,9.441987038,17.07928172,-68.37518048,33.84943425,36.63305946,-10.21137329,-46.68639117,40.21909433,6.875514736,-47.01453613
-10.24473211,9.441987038,17.07928172,-68.37518048,33.84943425,36.63305946,-10.21137329,-46.68639117,40.21909433,6.875514736,-47.01453613,45.78194072
9.441987038,17.07928172,-68.37518048,33.84943425,36.63305946,-10.21137329,-46.68639117,40.21909433,6.875514736,-47.01453613,45.78194072,-23.83536879
17.07928172,-68.37518048,33.84943425,36.63305946,-10.21137329,-46.68639117,40.21909433,6.875514736,-47.01453613,45.78194072,-23.83536879,24.91947475
-68.37518048,33.84943425,36.63305946,-10.21137329,-46.68639117,40.21909433,6.875514736,-47.01453613,45.78194072,-23.83536879,24.91947475,-36.94945953
33.84943425,36.63305946,-10.21137329,-46.68639117,40.21909433,6.875514736,-47.01453613,45.78194072,-23.83536879,24.91947475,-36.94945953,24.76702369
36.63305946,-10.21137329,-46.68639117,40.21909433,6.875514736,-47.01453613,45.78194072,-23.83536879,24.91947475,-36.94945953,24.76702369,24.44689043
-10.21137329,-46.68639117,40.21909433,6.875514736,-47.01453613,45.78194072,-23.83536879,24.91947475,-36.94945953,24.76702369,24.44689043,-78.8152746
-46.68639117,40.21909433,6.875514736,-47.01453613,45.78194072,-23.83536879,24.91947475,-36.94945953,24.76702369,24.44689043,-78.8152746,77.92442637
40.21909433,6.875514736,-47.01453613,45.78194072,-23.83536879,24.91947475,-36.94945953,24.76702369,24.44689043,-78.8152746,77.92442637,-29.1031821
6.875514736,-47.01453613,45.78194072,-23.83536879,24.91947475,-36.94945953,24.76702369,24.44689043,-78.8152746,77.92442637,-29.1031821,19.09300828
-47.01453613,45.78194072,-23.83536879,24.91947475,-36.94945953,24.76702369,24.44689043,-78.8152746,77.92442637,-29.1031821,19.09300828,-48.22162598
45.78194072,-23.83536879,24.91947475,-36.94945953,24.76702369,24.44689043,-78.8152746,77.92442637,-29.1031821,19.09300828,-48.22162598,25.07751634
-23.83536879,24.91947475,-36.94945953,24.76702369,24.44689043,-78.8152746,77.92442637,-29.1031821,19.09300828,-48.22162598,25.07751634,37.99454619
24.91947475,-36.94945953,24.76702369,24.44689043,-78.8152746,77.92442637,-29.1031821,19.09300828,-48.22162598,25.07751634,37.99454619,-30.80829187
-36.94945953,24.76702369,24.44689043,-78.8152746,77.92442637,-29.1031821,19.09300828,-48.22162598,25.07751634,37.99454619,-30.80829187,-85.38620412
24.76702369,24.44689043,-78.8152746,77.92442637,-29.1031821,19.09300828,-48.22162598,25.07751634,37.99454619,-30.80829187,-85.38620412,180.372013
24.44689043,-78.8152746,77.92442637,-29.1031821,19.09300828,-48.22162598,25.07751634,37.99454619,-30.80829187,-85.38620412,180.372013,-165.6210005
-78.8152746,77.92442637,-29.1031821,19.09300828,-48.22162598,25.07751634,37.99454619,-30.80829187,-85.38620412,180.372013,-165.6210005,104.1544652
77.92442637,-29.1031821,19.09300828,-48.22162598,25.07751634,37.99454619,-30.80829187,-85.38620412,180.372013,-165.6210005,104.1544652,-8.197488278
-29.1031821,19.09300828,-48.22162598,25.07751634,37.99454619,-30.80829187,-85.38620412,180.372013,-165.6210005,104.1544652,-8.197488278,-111.9267356
19.09300828,-48.22162598,25.07751634,37.99454619,-30.80829187,-85.38620412,180.372013,-165.6210005,104.1544652,-8.197488278,-111.9267356,146.9030983
-48.22162598,25.07751634,37.99454619,-30.80829187,-85.38620412,180.372013,-165.6210005,104.1544652,-8.197488278,-111.9267356,146.9030983,-89.12428465
25.07751634,37.99454619,-30.80829187,-85.38620412,180.372013,-165.6210005,104.1544652,-8.197488278,-111.9267356,146.9030983,-89.12428465,44.19983334
37.99454619,-30.80829187,-85.38620412,180.372013,-165.6210005,104.1544652,-8.197488278,-111.9267356,146.9030983,-89.12428465,44.19983334,-14.15114718
-30.80829187,-85.38620412,180.372013,-165.6210005,104.1544652,-8.197488278,-111.9267356,146.9030983,-89.12428465,44.19983334,-14.15114718,-14.94427015
-85.38620412,180.372013,-165.6210005,104.1544652,-8.197488278,-111.9267356,146.9030983,-89.12428465,44.19983334,-14.15114718,-14.94427015,15.26845351
180.372013,-165.6210005,104.1544652,-8.197488278,-111.9267356,146.9030983,-89.12428465,44.19983334,-14.15114718,-14.94427015,15.26845351,29.99217299
-165.6210005,104.1544652,-8.197488278,-111.9267356,146.9030983,-89.12428465,44.19983334,-14.15114718,-14.94427015,15.26845351,29.99217299,-88.07751764
104.1544652,-8.197488278,-111.9267356,146.9030983,-89.12428465,44.19983334,-14.15114718,-14.94427015,15.26845351,29.99217299,-88.07751764,64.14619245
-8.197488278,-111.9267356,146.9030983,-89.12428465,44.19983334,-14.15114718,-14.94427015,15.26845351,29.99217299,-88.07751764,64.14619245,2.676012408
-111.9267356,146.9030983,-89.12428465,44.19983334,-14.15114718,-14.94427015,15.26845351,29.99217299,-88.07751764,64.14619245,2.676012408,-23.40958706
146.9030983,-89.12428465,44.19983334,-14.15114718,-14.94427015,15.26845351,29.99217299,-88.07751764,64.14619245,2.676012408,-23.40958706,5.957303606
-89.12428465,44.19983334,-14.15114718,-14.94427015,15.26845351,29.99217299,-88.07751764,64.14619245,2.676012408,-23.40958706,5.957303606,23.20062282
44.19983334,-14.15114718,-14.94427015,15.26845351,29.99217299,-88.07751764,64.14619245,2.676012408,-23.40958706,5.957303606,23.20062282,-6.715121941
-14.15114718,-14.94427015,15.26845351,29.99217299,-88.07751764,64.14619245,2.676012408,-23.40958706,5.957303606,23.20062282,-6.715121941,-34.70911641
-14.94427015,15.26845351,29.99217299,-88.07751764,64.14619245,2.676012408,-23.40958706,5.957303606,23.20062282,-6.715121941,-34.70911641,24.70840624
15.26845351,29.99217299,-88.07751764,64.14619245,2.676012408,-23.40958706,5.957303606,23.20062282,-6.715121941,-34.70911641,24.70840624,32.73255182
29.99217299,-88.07751764,64.14619245,2.676012408,-23.40958706,5.957303606,23.20062282,-6.715121941,-34.70911641,24.70840624,32.73255182,-72.65466725
-88.07751764,64.14619245,2.676012408,-23.40958706,5.957303606,23.20062282,-6.715121941,-34.70911641,24.70840624,32.73255182,-72.65466725,51.19629765
64.14619245,2.676012408,-23.40958706,5.957303606,23.20062282,-6.715121941,-34.70911641,24.70840624,32.73255182,-72.65466725,51.19629765,-40.9106889
2.676012408,-23.40958706,5.957303606,23.20062282,-6.715121941,-34.70911641,24.70840624,32.73255182,-72.65466725,51.19629765,-40.9106889,42.36180069
-23.40958706,5.957303606,23.20062282,-6.715121941,-34.70911641,24.70840624,32.73255182,-72.65466725,51.19629765,-40.9106889,42.36180069,21.63818356
5.957303606,23.20062282,-6.715121941,-34.70911641,24.70840624,32.73255182,-72.65466725,51.19629765,-40.9106889,42.36180069,21.63818356,-87.27864568
23.20062282,-6.715121941,-34.70911641,24.70840624,32.73255182,-72.65466725,51.19629765,-40.9106889,42.36180069,21.63818356,-87.27864568,81.05156763
-6.715121941,-34.70911641,24.70840624,32.73255182,-72.65466725,51.19629765,-40.9106889,42.36180069,21.63818356,-87.27864568,81.05156763,-22.93480998
-34.70911641,24.70840624,32.73255182,-72.65466725,51.19629765,-40.9106889,42.36180069,21.63818356,-87.27864568,81.05156763,-22.93480998,-25.96641874
24.70840624,32.73255182,-72.65466725,51.19629765,-40.9106889,42.36180069,21.63818356,-87.27864568,81.05156763,-22.93480998,-25.96641874,25.89014897
32.73255182,-72.65466725,51.19629765,-40.9106889,42.36180069,21.63818356,-87.27864568,81.05156763,-22.93480998,-25.96641874,25.89014897,6.10004408
-72.65466725,51.19629765,-40.9106889,42.36180069,21.63818356,-87.27864568,81.05156763,-22.93480998,-25.96641874,25.89014897,6.10004408,-36.34984124
51.19629765,-40.9106889,42.36180069,21.63818356,-87.27864568,81.05156763,-22.93480998,-25.96641874,25.89014897,6.10004408,-36.34984124,46.06912055
-40.9106889,42.36180069,21.63818356,-87.27864568,81.05156763,-22.93480998,-25.96641874,25.89014897,6.10004408,-36.34984124,46.06912055,-39.67614766
42.36180069,21.63818356,-87.27864568,81.05156763,-22.93480998,-25.96641874,25.89014897,6.10004408,-36.34984124,46.06912055,-39.67614766,39.85394584
21.63818356,-87.27864568,81.05156763,-22.93480998,-25.96641874,25.89014897,6.10004408,-36.34984124,46.06912055,-39.67614766,39.85394584,-52.81954713
-87.27864568,81.05156763,-22.93480998,-25.96641874,25.89014897,6.10004408,-36.34984124,46.06912055,-39.67614766,39.85394584,-52.81954713,44.17247044
81.05156763,-22.93480998,-25.96641874,25.89014897,6.10004408,-36.34984124,46.06912055,-39.67614766,39.85394584,-52.81954713,44.17247044,7.570912462
-22.93480998,-25.96641874,25.89014897,6.10004408,-36.34984124,46.06912055,-39.67614766,39.85394584,-52.81954713,44.17247044,7.570912462,-61.24389891
-25.96641874,25.89014897,6.10004408,-36.34984124,46.06912055,-39.67614766,39.85394584,-52.81954713,44.17247044,7.570912462,-61.24389891,47.1081228
25.89014897,6.10004408,-36.34984124,46.06912055,-39.67614766,39.85394584,-52.81954713,44.17247044,7.570912462,-61.24389891,47.1081228,-4.461176591
6.10004408,-36.34984124,46.06912055,-39.67614766,39.85394584,-52.81954713,44.17247044,7.570912462,-61.24389891,47.1081228,-4.461176591,-4.627229877
-36.34984124,46.06912055,-39.67614766,39.85394584,-52.81954713,44.17247044,7.570912462,-61.24389891,47.1081228,-4.461176591,-4.627229877,22.58149487
46.06912055,-39.67614766,39.85394584,-52.81954713,44.17247044,7.570912462,-61.24389891,47.1081228,-4.461176591,-4.627229877,22.58149487,-22.83522739
-39.67614766,39.85394584,-52.81954713,44.17247044,7.570912462,-61.24389891,47.1081228,-4.461176591,-4.627229877,22.58149487,-22.83522739,-22.33342283
39.85394584,-52.81954713,44.17247044,7.570912462,-61.24389891,47.1081228,-4.461176591,-4.627229877,22.58149487,-22.83522739,-22.33342283,16.00472788
-52.81954713,44.17247044,7.570912462,-61.24389891,47.1081228,-4.461176591,-4.627229877,22.58149487,-22.83522739,-22.33342283,16.00472788,31.24993855
44.17247044,7.570912462,-61.24389891,47.1081228,-4.461176591,-4.627229877,22.58149487,-22.83522739,-22.33342283,16.00472788,31.24993855,-60.03486324
7.570912462,-61.24389891,47.1081228,-4.461176591,-4.627229877,22.58149487,-22.83522739,-22.33342283,16.00472788,31.24993855,-60.03486324,80.46960165
-61.24389891,47.1081228,-4.461176591,-4.627229877,22.58149487,-22.83522739,-22.33342283,16.00472788,31.24993855,-60.03486324,80.46960165,-65.20689712
47.1081228,-4.461176591,-4.627229877,22.58149487,-22.83522739,-22.33342283,16.00472788,31.24993855,-60.03486324,80.46960165,-65.20689712,40.75240037
-4.461176591,-4.627229877,22.58149487,-22.83522739,-22.33342283,16.00472788,31.24993855,-60.03486324,80.46960165,-65.20689712,40.75240037,-33.15622928
-4.627229877,22.58149487,-22.83522739,-22.33342283,16.00472788,31.24993855,-60.03486324,80.46960165,-65.20689712,40.75240037,-33.15622928,21.06762705
22.58149487,-22.83522739,-22.33342283,16.00472788,31.24993855,-60.03486324,80.46960165,-65.20689712,40.75240037,-33.15622928,21.06762705,-20.58913529
-22.83522739,-22.33342283,16.00472788,31.24993855,-60.03486324,80.46960165,-65.20689712,40.75240037,-33.15622928,21.06762705,-20.58913529,25.6011118
-22.33342283,16.00472788,31.24993855,-60.03486324,80.46960165,-65.20689712,40.75240037,-33.15622928,21.06762705,-20.58913529,25.6011118,3.30890104
16.00472788,31.24993855,-60.03486324,80.46960165,-65.20689712,40.75240037,-33.15622928,21.06762705,-20.58913529,25.6011118,3.30890104,-62.21473157
31.24993855,-60.03486324,80.46960165,-65.20689712,40.75240037,-33.15622928,21.06762705,-20.58913529,25.6011118,3.30890104,-62.21473157,90.98386128
-60.03486324,80.46960165,-65.20689712,40.75240037,-33.15622928,21.06762705,-20.58913529,25.6011118,3.30890104,-62.21473157,90.98386128,-71.26977922
80.46960165,-65.20689712,40.75240037,-33.15622928,21.06762705,-20.58913529,25.6011118,3.30890104,-62.21473157,90.98386128,-71.26977922,52.04407648
-65.20689712,40.75240037,-33.15622928,21.06762705,-20.58913529,25.6011118,3.30890104,-62.21473157,90.98386128,-71.26977922,52.04407648,-34.71097375
40.75240037,-33.15622928,21.06762705,-20.58913529,25.6011118,3.30890104,-62.21473157,90.98386128,-71.26977922,52.04407648,-34.71097375,4.873286127
-33.15622928,21.06762705,-20.58913529,25.6011118,3.30890104,-62.21473157,90.98386128,-71.26977922,52.04407648,-34.71097375,4.873286127,38.11565421
21.06762705,-20.58913529,25.6011118,3.30890104,-62.21473157,90.98386128,-71.26977922,52.04407648,-34.71097375,4.873286127,38.11565421,-102.2913324
-20.58913529,25.6011118,3.30890104,-62.21473157,90.98386128,-71.26977922,52.04407648,-34.71097375,4.873286127,38.11565421,-102.2913324,113.1921075
25.6011118,3.30890104,-62.21473157,90.98386128,-71.26977922,52.04407648,-34.71097375,4.873286127,38.11565421,-102.2913324,113.1921075,-44.14112741
