ratio1,len1,len2,len3,len4,len5,len6,len7,len8
0.527794803,104.0012413,-1.221575078,133.1464129,-1.282549144,170.4591892,-0.678109442,-0.042123279,4.741510134
0.786570723,94.83973224,2.974385884,136.7042027,3.097236153,197.0486271,-2.696460925,0.10256503,3.942838186
0.589455833,41.03647108,1.406649362,70.34144317,1.489180123,120.5736872,1.8786214,0.04850515,2.454894505
0.579987855,62.80806649,-0.755785276,66.1252125,-1.083714243,69.6175503,-0.579045709,-0.026061561,6.331618684
0.950294867,51.31506629,3.084127928,74.54537595,3.141501935,108.2920374,-2.891594466,0.106349239,3.640200015
5.847161466,7.618053631,1.502940558,20.28220968,1.570441199,53.99909866,1.827377299,0.051825536,1.981306041
1.602600437,7.404652312,0.826489258,3.106002528,-1.228916542,1.302863565,-0.847205394,0.02849963,2.584384187
0.47677909,10.82142361,0.698082031,7.071017403,2.650540227,4.620398287,2.240129629,0.024071794,2.939741936
0.585123813,17.06167788,-0.959763343,19.67861223,-1.207149513,22.69693416,-0.560978634,-0.033095288,5.756315281
0.852985201,12.20915079,3.001708798,18.86816699,-3.009793474,29.15908991,-2.580306549,0.1035072,3.763075741
0.255128457,9.550203462,1.368549342,11.69171694,1.88151852,14.31343799,1.963060418,0.047191357,2.033760793
0.432484614,30.60990275,-0.897308605,33.84993473,-1.143036518,37.43292131,-0.703077378,-0.030941676,5.345580608
0.532473893,41.06423686,2.885616304,53.91101673,2.911750326,70.77685954,2.324244887,0.09950401,4.108035341
0.553012855,36.07142296,-1.349159311,52.7429426,-1.357731408,77.11971877,-0.739473705,-0.046522735,4.501068699
0.696131662,29.17156382,2.951363753,43.62082547,3.032564769,65.22709672,-2.540346443,0.101771164,4.24528873
1.131328564,14.75556505,1.405376436,24.86635243,1.445709251,41.90523923,-2.800767876,0.048461256,3.192795197
0.848507324,9.890166487,-0.641745213,11.35756805,0.918825409,13.04268761,1.711441198,-0.022129145,5.281442501
0.410805459,11.00070451,-2.699753132,11.32359305,-0.591490456,11.65595889,-0.454172099,-0.093094936,5.126745797
0.624594871,22.2129267,2.542131176,24.38905868,2.929795051,26.7783796,2.290743327,0.087659696,3.018283884
0.550316206,15.66373242,-1.343742366,23.60213622,-1.38911275,35.56373533,-0.881137376,-0.046335944,4.751652996
0.214412919,20.61493026,2.731275128,24.22325001,2.731104474,28.46314947,2.323854224,0.094181901,5.615892117
0.537391641,77.02859132,-1.018381111,86.05803758,-1.192790002,96.14593367,-0.594446041,-0.03511659,5.066595433
0.954227391,76.31803949,3.049131378,104.5909547,-3.086110916,143.3379038,-2.785157871,0.105142461,3.425080704
0.824179927,27.27900857,1.453186475,46.70914896,1.75619722,79.97888159,-2.145496575,0.050109878,1.77683091
0.97834776,28.69109162,1.046466679,30.81603869,1.231546738,33.09836562,1.871598238,0.036085058,1.883916684
0.39535951,23.69439941,-0.612992601,26.36026435,-0.826599812,29.32606666,-0.58976923,-0.021137676,6.808730233
0.458083,37.28949815,2.842572768,47.27374702,2.863537089,59.9312747,2.328002918,0.098019751,4.085420856
0.488126495,44.12585979,-1.312055807,59.9332422,-1.311158441,81.40336615,-0.763411978,-0.045243304,4.451147071
0.557435223,46.43473612,2.915569039,64.78909157,2.933480522,90.39841156,2.336149346,0.100536863,4.293530234
0.572519677,36.92365807,-1.360865129,55.45958909,-1.372248188,83.30068534,-0.727560581,-0.046926384,4.519474365
0.73491934,27.57269304,2.951625273,42.16933424,3.071996727,64.49325596,-2.699185236,0.101780182,4.2412455
0.727766385,14.40900916,1.381910283,23.2507418,1.450454665,37.51798534,-2.35554758,0.047652079,2.539210273
0.856518561,19.05663358,-0.72792461,19.42424532,1.081990748,19.79894847,1.835714206,-0.025100849,5.219212763
0.447443678,20.73803933,-2.676428949,21.48021131,-0.627700202,22.2489441,-0.440326537,-0.092290653,5.083158868
0.714493814,36.90293755,2.667094145,41.35662861,3.021625088,46.34782063,-2.526984724,0.091968764,2.947156753
1.14364226,21.55766353,1.350826654,33.36814601,1.43929849,51.64906516,-2.506200121,0.046580229,2.688858939
0.826621839,16.7695741,-0.74796398,17.77938619,1.02320061,18.85000605,1.80666771,-0.025791861,5.420444657
0.435564794,12.02071701,-2.764510036,15.61610662,-0.55751242,20.28687521,-0.48434004,-0.095327932,5.272443745
0.419795771,22.57277149,2.492879189,24.95923353,2.787210422,27.59799958,2.238604249,0.085961351,3.190128874
0.566798067,31.24054309,-1.26971533,40.98573245,-1.306472142,53.77084065,-0.670450282,-0.043783287,4.658720538
0.898714415,25.13365659,3.037310237,37.21970663,3.133977801,55.11758931,-2.721617804,0.104734836,3.807351433
3.982451233,6.882841739,1.450596996,13.87397401,1.554155157,27.96623285,-2.533161506,0.050020586,2.220012047
3.330124108,5.993845492,0.83683363,3.218558673,1.035189002,1.728292787,2.963887001,0.028856332,0.86158251
1.933280595,4.322715438,0.812462591,2.789336345,0.747527039,1.79988652,-0.726314722,0.028015951,0.198728974
0.875078056,2.781793768,0.871585949,2.49398216,0.819185457,2.235948288,1.602916913,0.030054688,0.489819335
0.219386417,2.72223913,-0.613373935,2.941725902,-0.802629052,3.178909297,-0.626337233,-0.021150825,6.519465374
0.298453616,9.686320053,2.678102256,10.96320855,2.741819679,12.40842147,2.276471145,0.092348354,4.322954008
0.55828014,22.93903164,-1.148622861,27.2852869,-1.244112173,32.45502657,-0.591030134,-0.039607685,4.855040352
0.931303047,20.2215867,3.057469497,28.8249834,-3.040356057,41.08874741,-2.62549236,0.105429983,3.443114637
0.278001817,9.696778087,1.455187779,14.51028128,1.814715393,21.71321866,1.934133673,0.050178889,1.999163532
0.438686696,27.56588836,-0.934073944,31.00815369,-1.158211434,34.88026877,-0.700192211,-0.032209446,5.292838221
0.564100083,35.8701759,2.890975146,47.47615267,2.933224462,62.8373019,2.303050918,0.099688798,4.113654425
0.657488219,27.91006949,-1.358941968,42.12783397,-1.386797158,63.58831874,-0.639072291,-0.046860068,4.654558255
0.903168734,14.66184765,3.043270214,24.94771777,-3.023541479,42.44953548,-2.619092371,0.104940352,3.853476107
0.277263861,9.19721642,1.415000521,12.21906871,1.866747048,16.23378567,1.952189228,0.048793121,2.01001009
0.428618545,26.28619733,-0.926991698,29.52877644,-1.153213395,33.17134946,-0.688925669,-0.031965231,5.300208239
0.597323119,35.59916518,2.883956028,46.72489239,2.954879832,61.32771815,2.255748281,0.09944676,4.070278093
0.844245426,24.84658502,-1.366184918,38.48119923,-1.422727606,59.5978358,-0.349299969,-0.047109825,4.961145522
0.277449897,6.89639953,-2.908206025,14.24656625,-2.614935663,29.43052371,-2.018439828,-0.100282966,2.54743729
0.303936541,22.59582834,2.137252245,23.69916561,2.678521073,24.85637802,2.231077272,0.073698353,3.208561594
0.519181276,52.30126129,-1.137252692,62.35607289,-1.235186194,74.34390167,-0.662224866,-0.03921561,4.849702042
0.798002915,51.23015594,2.993574269,71.83885625,3.090007212,100.7379574,-2.655328776,0.103226699,3.795139402
0.748077872,17.88148539,1.438822505,33.88148182,1.486013435,64.1979559,1.891771908,0.049614569,2.67765922
0.6127011,21.77117995,-0.739554701,22.81231583,-1.052178406,23.90324065,-0.333034518,-0.025501886,6.582389457
0.646678189,16.63783737,-3.128609102,24.31448588,-2.713217907,35.5331171,-2.173915856,-0.107883072,2.78174121
0.32126771,25.27661945,1.595913892,25.5013884,2.512590243,25.72815608,2.118403895,0.055031514,2.493347851
0.549410604,55.35340837,-1.093427238,65.99304074,-1.238058163,78.67774639,-0.567229869,-0.037704388,5.050313341
0.918156838,48.64950371,3.035132236,70.0104505,-2.99978053,100.7505279,-2.589943893,0.104659732,3.464798478
0.339463507,31.69517771,1.416827168,40.9805107,1.926121712,52.98604955,1.93728121,0.048856109,1.957621385
0.533629371,70.38507209,-0.971629977,81.06629578,-1.199998343,93.36843903,-0.648386066,-0.033504482,5.415153562
0.811164086,64.11274387,2.999728846,91.95865264,3.08941467,131.8987971,-2.545743751,0.103438926,3.87108715
1.555754122,21.00431144,1.439251026,40.74478678,1.502695497,79.03794676,1.951976181,0.049629346,2.913681316
0.709855045,12.59943536,-0.86202996,13.04245317,-0.924262208,13.50104824,-0.660096461,-0.029725171,7.272685902
0.241402395,7.832887076,2.768725178,11.7910271,2.794142779,17.74930734,2.370523914,0.095473282,5.527852434
0.532310744,24.88897411,-1.088552616,28.41800872,-1.210590837,32.44742898,-0.755914631,-0.037536297,4.897524801
0.429183824,23.67150364,2.995477813,33.2685448,2.85218866,46.75647519,2.385541009,0.103292338,4.182907979
0.370072807,34.90120922,-1.414238007,43.87443002,-1.259673749,55.1546967,-0.727365959,-0.048766828,3.941149458
0.626823207,60.87994819,2.834767029,75.77287872,2.966951967,94.30903475,-2.417327536,0.097750587,3.910886407
1.046098068,41.1841058,-1.359243327,63.24546997,1.426840811,97.12459197,2.024541717,-0.04687046,4.496107319
0.283799075,13.07810961,-2.607724342,22.69086787,-0.645593412,39.369259,-0.538135498,-0.089921529,5.15524749
0.33666337,33.85057358,2.696157352,39.49571811,2.770342131,46.08228412,2.299882298,0.092970943,4.033986049
0.479655795,66.7423044,-1.21009711,81.919196,-1.248553061,100.5472426,-0.711289437,-0.041727487,4.628029144
0.660445234,74.34337361,2.937519762,101.7084143,2.993188988,139.1462485,2.297077666,0.101293785,4.020883886
0.795631822,39.46598004,-1.410068287,66.65215155,-1.440919019,112.5655388,-0.830371426,-0.048623044,4.734000473
0.425056443,11.17390216,2.922689222,23.54278333,2.908723979,49.60332022,2.344957681,0.100782387,5.074580382
0.737130202,15.1174579,-1.307143645,19.9351044,-1.344078116,26.28804327,-0.336866255,-0.045073919,4.77565628
0.604144845,10.19803866,-2.905878133,14.46190845,-2.624282231,20.5085314,-2.050234047,-0.100202694,2.252246073
0.404456339,15.13349159,2.189338581,15.98296542,2.712944695,16.88012195,2.21839037,0.075494434,2.821730303
0.435505484,22.32977178,-1.241349905,28.90519403,-1.269236071,37.41687333,-0.728580628,-0.042805169,4.575671422
0.632094944,28.98414621,2.880962612,38.55010667,2.973268904,51.27322757,2.293236187,0.099343538,4.203400179
0.835021844,18.76896851,-1.364299406,29.33656766,-1.425020157,45.85410229,-0.852335434,-0.047044807,4.952647746
0.317696733,5.950372682,2.803597598,11.56493958,2.839504846,22.47721858,2.419503536,0.096675779,5.591212214
0.421024741,12.94090238,-1.138213665,15.5685437,-1.216950984,18.72972577,-0.753168059,-0.039248747,4.749542994
0.440723917,17.83872912,2.854090528,23.41587695,2.865018809,30.73667915,2.33590379,0.098416915,4.328371521
0.512698858,22.63888075,-1.297143576,30.27095494,-1.307537613,40.47597242,-0.770927684,-0.044729089,4.507292897
0.495068866,21.61455705,2.925410689,30.89366771,2.912397511,44.15629256,2.277222181,0.100876231,4.336466958
0.773250323,22.09616664,-1.357623421,31.05981256,-1.380630775,43.65969773,-0.322785701,-0.046814601,4.760497819
0.348102407,15.44667622,-2.832074707,21.00951055,-2.600342102,28.57569662,-2.000628664,-0.097657749,2.096921371
0.357240788,38.96953291,2.272453938,41.58403319,2.7208719,44.37394259,2.247686624,0.078360481,3.191135412
0.470188975,70.56306543,-1.192525098,87.73457983,-1.251617563,109.0847804,-0.708179462,-0.041121555,4.704682495
0.661812323,80.37230136,2.917203857,109.8261352,3.003105748,150.0738409,-2.480415915,0.100593236,4.082493163
1.061569704,45.38764281,1.399146459,74.24284255,1.435750712,121.4427392,1.99474298,0.04824643,3.410186082
0.427280591,25.15855627,-0.559018155,32.79724877,-0.740871789,42.75521678,-0.550906412,-0.019276488,7.076779282
0.467653314,36.72826186,2.872644382,46.50358808,2.863024158,58.88064382,2.340268385,0.099056703,3.918163994
0.426173202,42.37998463,-1.345386729,57.6923962,-1.302825353,78.53737108,-0.743952225,-0.046392646,4.253531068
0.620872305,57.30732596,2.876538707,75.49051722,2.970218522,99.44310075,2.257811215,0.09919099,4.147150637
0.947681564,38.40551406,-1.363666574,59.53888805,-1.433962532,92.30130822,-0.848965431,-0.047022985,5.078071751
0.246635257,2.266895726,-3.050587111,9.5847623,2.857145372,40.52575834,-2.891710855,-0.105192659,4.836624651
0.573347809,8.576639508,-1.709099488,8.878646599,1.131518881,9.191288192,1.815466611,-0.058934465,1.995655811
0.335589212,21.96190826,-2.495535516,18.12527215,-0.843354345,14.95887728,-0.58532148,-0.086052949,4.082853282
0.552082952,49.55030918,2.690156022,56.94482005,2.893880266,65.44283143,2.250480825,0.092764001,3.495926665
0.68439187,42.10900978,-1.317448912,61.47641452,-1.3782848,89.75156534,-0.682269954,-0.045429273,4.864692938
0.820953182,19.52150016,2.985306611,34.65705758,-3.112385507,61.52763006,-2.722532788,0.102941607,4.237834222
0.403774926,11.98106744,1.362445227,16.87893946,1.643126008,23.77906633,-2.143202553,0.04698087,2.048577084
0.827987642,25.0705389,-0.857130433,27.27469596,1.211740051,29.67263857,1.928486402,-0.029556222,4.900531487
0.391658533,23.70649428,-2.71972771,26.79190378,-0.591195749,30.27888054,-0.45353572,-0.093783714,5.171150974
0.60996139,49.7889626,2.540137607,54.89672163,2.931227714,60.52847637,-2.473842724,0.087590952,3.050392025
0.981584944,37.750216,-1.336988274,55.51049325,1.390360238,81.62641667,1.95481716,-0.046103044,4.336505724
0.465594579,29.48929741,-2.587142492,33.67658065,-0.796913171,38.45843014,-0.491412473,-0.08921181,4.899550178
0.779692171,39.13163639,2.939444852,49.78428335,3.083436594,63.33685727,-2.66153619,0.101360167,3.457948904
0.507555785,15.90308911,1.418734764,28.25160752,1.475517957,50.18857167,1.898509348,0.048921888,2.569624976
0.429216124,28.55827428,-0.703733881,29.91333505,-1.02869141,31.33269206,-0.591276548,-0.024266686,6.187546143
0.737890019,39.20157283,2.897909934,51.0716292,3.065947044,66.53588416,-2.679638871,0.099927929,3.79914233
0.578504441,21.62489906,1.364558939,33.89479195,1.447465616,53.1265796,1.886126029,0.047053757,2.449013496
0.491646834,34.42813954,-0.711588195,35.87405528,-1.035314569,37.3806967,-0.626914052,-0.024537524,6.307972927
0.663389867,37.53523321,2.960479921,51.26839398,2.988609468,70.02615934,2.305838577,0.102085515,3.939485083
0.687302762,19.0892855,-1.424471988,32.86472323,-1.434290993,56.58095654,-0.510232092,-0.049119724,4.541459689
0.669853461,8.684971995,3.025802416,15.53119968,-2.792976186,27.77420164,-2.305304051,0.104338014,3.61189176
0.319677507,13.92675641,1.351367832,13.43752539,2.387482244,12.9654805,2.073599863,0.046598891,2.285779022
0.569138895,32.09894204,-1.02132447,37.39506645,-1.222515673,43.56501823,-0.585795727,-0.035218085,5.280160483
0.952955698,26.52208282,3.06106326,38.67586534,-3.046264587,56.39913613,-2.656957761,0.105553906,3.522442342
0.365030665,12.08715869,1.454036732,18.34127701,1.816960238,27.83139121,1.92265217,0.050139198,1.923019317
0.428767396,24.51166755,-0.976084748,28.48943694,-1.177213437,33.11272134,-0.723458747,-0.033658095,5.330764352
0.48250566,32.65903456,2.851247455,43.20929927,2.896654796,57.16775063,-2.479782131,0.098318878,4.378503453
0.846247903,35.49192376,-1.302694212,49.01344571,1.36930277,67.68632428,2.009964742,-0.04492049,4.118257724
0.411059597,26.18437238,-2.72313829,33.13882087,-0.606619652,41.94033879,-0.453721372,-0.09390132,5.233096802
0.642824723,51.1578059,2.618684344,57.08534674,2.953420163,63.69969851,-2.350418361,0.09029946,3.073209728
1.121290476,33.780771,1.354565496,51.84948511,1.435098719,79.58282262,2.023578398,0.046709155,3.457370419
0.324025946,7.925006414,-0.620532189,15.45167352,-0.65923544,30.12669038,-0.553344037,-0.021397662,7.349453266
0.265813524,16.53421037,2.750341914,20.10951733,2.748315343,24.45793772,2.316779017,0.094839376,4.43050364
0.470216424,45.66953712,-1.180558988,53.29868541,-1.214915372,62.20229164,-0.669205193,-0.040708931,4.621801905
0.755767811,54.41769298,2.946874583,72.70001002,3.056828706,97.12450431,2.251783712,0.101616365,3.779187201
1.703525838,22.5494108,1.415001287,40.2942862,-1.503143045,72.00318956,-0.919610609,0.048793148,4.066705794
0.210502265,11.46846894,0.696725296,12.32100002,2.760126449,13.23690566,2.440533088,0.02402501,4.383991388
0.453380098,50.09360954,-0.733319496,52.24148311,-1.096631342,54.48145149,-0.636079122,-0.025286879,5.7545064
0.714790016,65.31541675,2.92845135,84.95086167,3.024667625,110.4892115,-2.357901231,0.100981081,3.727079826
1.147053155,29.10891118,1.42276074,51.57409226,1.475674064,91.37706924,3.017044144,0.049060715,3.746952911
0.911847617,3.954592899,-0.765956103,10.01779406,0.725445395,25.37712489,1.501605749,-0.026412279,5.978784026
0.38545932,2.870769508,-2.64628181,3.528490234,-0.700360239,4.336901063,-0.339466644,-0.091251097,5.075139463
0.817015145,5.463917392,2.791848596,6.379137292,-2.91750959,7.447658827,-2.406601071,0.096270641,2.764374594
0.322419446,6.36948084,1.255726265,6.526630506,2.022289674,6.687657414,1.992248984,0.043300906,1.965320463
0.454593444,15.53029693,-0.928016415,17.51585268,-1.162594977,19.75526265,-0.720361103,-0.032000566,5.40490356
0.449850613,18.7019514,2.87261136,25.27678054,2.889745554,34.16304645,-2.535445555,0.099055564,4.29373847
0.861135053,22.88270198,-1.319462756,30.84345042,1.346690234,41.57369329,1.981612089,-0.045498716,3.828318822
0.424027724,23.94869166,-2.658499006,25.22661124,-0.657691177,26.57272155,-0.471893637,-0.09167238,5.013972337
0.645033722,43.13000579,2.708596544,49.35526955,2.972159306,56.47907037,-2.549622151,0.093399881,3.155025959
0.779551103,27.3091081,1.374903096,42.73191016,1.394179041,66.86473023,1.937534501,0.047410452,2.993516977
0.376889974,32.37782194,-0.559123875,33.67869682,-0.850177562,35.0318382,-0.548212092,-0.019280134,6.655319611
0.670179391,57.03836479,2.833666457,70.00032495,2.995739299,85.90788867,-2.411987094,0.097712636,3.685554813
1.24068247,34.0199687,1.368405552,53.80900404,1.446156651,85.10909993,1.978672232,0.047186398,3.368119581
0.729099907,11.05918191,-0.690614879,17.41398366,-0.797395257,27.42036704,-0.614916948,-0.023814306,7.766988789
0.21055286,5.612338448,-3.040696244,9.226562033,2.764729626,15.1682668,2.432043108,-0.104851595,4.476848275
0.333116497,26.01927169,-1.707422992,26.33533956,-1.11278476,26.65524686,-0.689130236,-0.058876655,3.686954961
0.559724541,55.12513308,2.764971547,65.61820152,2.915501098,78.10862543,-2.378378817,0.095343846,3.748729503
0.876636408,46.02951027,-1.324741006,67.32956805,1.408704616,98.48618219,2.044791052,-0.045680724,4.459305792
0.625069605,14.42850176,-2.813669846,27.52447498,-0.562578739,52.50695711,-0.41848978,-0.097023098,5.460802117
0.72396394,19.51861908,2.677390727,21.22613744,2.992584224,23.08303209,2.245243799,0.092323818,2.710549658
0.702079933,8.661380392,1.408183193,15.28127647,-1.454801464,26.96076143,-0.716126499,0.048558041,3.789524479
0.881657352,8.346430496,0.428981822,10.14730389,-3.113236439,12.33674399,-2.660646621,0.014792477,2.96234429
0.236406446,11.77760928,1.032362295,10.55915209,1.629985129,9.466750865,1.896135619,0.0355987,1.588375729
0.572670212,45.34863213,-0.753952869,47.53144417,-1.133687195,49.81932372,-0.477909633,-0.025998375,5.866567752
1.042502895,43.58178898,3.120205772,58.74654447,-2.906023131,79.18804087,-2.628834188,0.107593302,2.960998003
0.68013013,28.24957031,1.53313541,34.36527433,2.477592258,41.80495728,-2.242797728,0.052866738,1.621714156
0.870964668,27.83139121,1.170957502,33.99987917,1.317516904,41.53553716,1.880307187,0.040377845,2.181052353
0.491930812,28.70209647,-0.649391855,30.28475043,-0.921611757,31.95467305,-0.532785077,-0.022392823,6.718535483
0.795840037,32.14648962,2.973706411,43.30834369,3.104438253,58.34579936,-2.690304141,0.1025416,3.64607758
0.41565969,12.97409446,1.422248004,22.89245733,1.502047265,40.39315454,1.887679475,0.049043035,2.457355591
0.475243431,28.29982036,-0.729691996,29.72086277,-1.072842106,31.21326117,-0.640981538,-0.025161793,6.066875579
0.670414148,33.00159671,2.946453129,44.33035963,2.991068678,59.54805163,2.338519085,0.101601832,3.904108685
0.584438165,16.42047424,-1.420106919,28.43077765,-1.426178308,49.22568656,-0.852183214,-0.048969204,4.456052211
0.374658428,13.40885587,2.827774907,19.4097269,2.841105609,28.09617033,2.357685533,0.09750948,5.111259921
0.515221951,22.58341985,-1.201211527,28.42974488,-1.269202631,35.78954823,-0.6029471,-0.041421087,4.762674695
0.851609515,21.77164188,2.973353341,30.89180368,-3.044542688,43.83241006,-2.60790576,0.102529426,3.664586331
0.280330115,15.79764637,1.355358987,20.09655113,1.790486103,25.56528725,1.935807704,0.046736517,2.01040254
0.458659137,46.18040619,-0.876177349,51.01409544,-1.144375489,56.3537255,-0.662105231,-0.030213012,5.479065668
0.684718432,56.39913613,2.924530504,75.3563883,3.008778953,100.685678,2.285234773,0.100845879,3.927854893
0.946117808,28.36976451,1.413250253,48.34015983,-1.45743501,82.36836266,-0.885268887,0.048732767,4.167508602
0.195637847,7.494438122,0.439371475,14.99079952,2.794326944,29.98544609,2.395054487,0.015150741,4.282492625
0.562984359,31.62610609,-0.978833754,34.80694948,-1.187692511,38.307711,-0.486064664,-0.033752888,5.172314067
0.935730153,30.01985736,3.094935298,41.06567912,-2.88841908,56.17581661,-2.497864014,0.106721907,2.996331122
0.443364152,23.56442938,1.496090937,27.49523677,2.286605478,32.0817463,-2.34250684,0.051589343,1.921961356
0.746769937,36.07515497,-1.108273689,43.78771459,1.241014695,53.14915349,1.894540222,-0.038216334,4.367850225
0.340286949,51.3572546,-2.608344541,49.80943202,-0.765057691,48.30825825,-0.559739842,-0.089942915,4.574429364
0.503924052,110.6205767,2.721539638,129.2100256,2.869328335,150.9233743,2.274789929,0.093846194,3.632678488
0.592473815,110.3862531,-1.304770433,155.6656938,-1.347108291,219.5183507,-0.729230099,-0.044992084,4.700059277
0.705114285,75.95607178,2.971706276,118.9608788,3.045087239,186.3141464,-2.684141588,0.10247263,4.265857034
0.560746228,36.3973836,1.419314331,62.61618074,1.419917691,107.7216465,1.911868672,0.048941873,2.906122428
0.409690205,64.74852545,-0.594237568,64.82862995,-0.946816079,64.90883356,-0.606340646,-0.020490951,6.432071444
0.608754916,99.5303935,2.869219443,125.4194845,2.951177331,158.0426495,2.288928481,0.098938601,3.81341284
0.682431689,65.42988854,-1.376099746,103.4295679,-1.407835475,163.4982994,-0.768705471,-0.047451715,4.691895993
0.66398777,31.22819474,2.947015256,54.71821695,3.016076883,95.87756483,-2.515001814,0.101621216,4.619771607
1.078212696,17.78350728,1.392005436,28.92025433,1.43756076,47.03128003,1.996537218,0.048000187,3.401214796
0.41583097,8.695183197,-0.571690414,11.97556069,-0.738108741,16.49350573,-0.360603971,-0.019713463,7.127872462
0.759548916,13.16596451,2.879921623,16.59232678,-2.93618099,20.91037902,-2.43515054,0.099307642,3.153482913
0.230820997,15.44062616,1.285876979,16.35991037,1.99027146,17.33392575,1.982315762,0.044340585,2.056731323
0.532991226,56.25748771,-0.881230592,61.34581848,-1.162733629,66.89437439,-0.620594432,-0.030387262,5.459650551
0.867453633,55.74746281,3.033432162,76.70835871,3.117758061,105.550495,-2.664294838,0.104601109,3.592622903
0.793255034,13.71873049,1.470281602,29.69247369,1.527741473,64.26563991,1.886941235,0.050699366,2.539006043
0.579758449,14.84015794,-0.826982365,16.02026905,-1.091752992,17.29422432,-0.35398394,-0.028516633,6.479776225
0.680628724,11.04799448,3.048518779,16.8165709,-2.728336817,25.59713959,-2.296570708,0.105121337,3.224340388
0.683736731,18.37939997,1.387676776,17.2723827,2.724541287,16.23204266,-2.483868008,0.047850923,2.027364236
0.806712859,18.89938078,1.149403999,22.53953729,1.293700652,26.88081411,1.86630889,0.039634621,2.090020475
0.506242865,21.70512196,-0.63286768,22.54994116,-0.9334639,23.4276429,-0.439899092,-0.021823023,6.689519707
0.872788533,24.00452517,3.006257204,32.08102366,-2.962661582,42.87491929,-2.522048847,0.103664042,3.187295707
0.30762168,19.05701189,1.397044456,22.89388234,1.992318095,27.50325454,1.954207814,0.048173947,2.008212884
0.576784926,48.13332364,-0.959191071,54.60618779,-1.20242175,61.94950855,-0.701773965,-0.033075554,5.431026652
0.68428028,38.92240525,3.060595523,56.9922509,2.971632019,83.45107763,2.394082097,0.105537777,4.00401693
0.39153259,21.67403782,-1.484158197,35.11177108,-1.38527704,56.88079346,-0.695865968,-0.051177869,3.732183195
0.809795482,34.3107273,2.868387716,43.58137386,-3.133595524,55.35691886,-2.664407101,0.098909921,3.702707845
0.409258874,25.28680618,1.293441183,32.73213075,1.58663417,42.36962057,1.891162232,0.04460142,1.986718937
0.475422656,51.76360954,-0.821515871,56.55359454,-1.119179873,61.78682445,-0.649437314,-0.028328133,5.850558595
0.683475708,58.34312763,2.931222617,79.70162808,3.014655084,108.8791393,-2.472566786,0.101076642,4.003713282
1.080432482,29.87701975,1.410939805,50.50122916,1.446225379,85.3624012,1.99229568,0.048653097,3.426310252
0.459767886,15.84712622,-0.577843543,20.93365582,-0.760295924,27.65283369,-0.464174119,-0.019925639,7.14047332
0.802495423,20.82164845,2.938866021,26.78943145,3.114494624,34.46766662,-2.679131727,0.101340208,3.484791006
0.409765878,9.580322808,1.396875475,15.76617506,1.520564202,25.94612738,1.893436154,0.04816812,2.311910594
0.417441605,20.47388672,-0.761348763,21.87874084,-1.073145767,23.37999166,-0.674630981,-0.026253406,5.92779839
0.531488102,28.9665558,2.869216024,37.69213273,2.911419196,49.04610959,2.329321328,0.098938484,4.139995356
0.54398705,25.66938898,-1.337655544,37.40325704,-1.354849132,54.50085464,-0.812068348,-0.046126053,4.537881555
0.403967152,21.71121603,2.894107557,32.00778045,2.86283679,47.18750013,2.362369387,0.099796812,4.686639613
0.497400729,32.11111629,-1.294319276,41.5428942,-1.287802351,53.74500354,-0.686470425,-0.044631699,4.455513702
0.746367364,33.32312087,2.952623048,46.38177098,3.083951022,64.55783922,-2.707263566,0.101814588,3.882407639
0.39440237,16.31841273,1.400395281,26.99202518,1.465946317,44.6470766,1.877092296,0.048289492,2.502883547
0.526750423,39.21527452,-0.688248396,40.28068326,-1.070525349,41.37503725,-0.593583298,-0.023732703,6.187601239
0.857762383,40.65620758,3.030411936,55.01594988,3.09800308,74.44754248,-2.356003651,0.104496963,3.573515129
1.838683337,8.841416235,1.478749911,20.47108458,1.53071493,47.39798383,2.081905302,0.050991376,3.554279326
0.342856214,4.146212016,0.751430637,4.46512068,-0.618474992,4.808558416,-0.532929572,0.025911401,4.725712718
0.419743926,13.92675641,0.540981889,12.97761034,2.745012598,12.09315114,-2.556472461,0.018654548,2.951040605
0.918394149,23.56836276,-1.070615376,27.96388367,1.271826214,33.1791732,1.919957259,-0.036917772,4.539548593
0.73503022,22.23528584,-2.63343409,23.88754462,-0.732881545,25.66257938,-0.301332306,-0.090808072,5.206455871
1.02137314,24.11289715,-3.092584842,27.00806424,-2.810344648,30.25084581,-2.319792534,-0.106640857,2.121181085
0.362556734,17.54295253,1.637629112,20.35090958,2.330929372,23.60831338,2.051053567,0.056469969,2.057928861
0.381670812,31.53474543,-1.142586702,39.06231889,-1.221393763,48.38677896,-0.736980823,-0.039399541,4.772532569
0.535231638,51.0928723,2.832446752,64.97261547,2.907710245,82.62288987,2.302988181,0.097670578,4.327107607
0.649044649,46.46080438,-1.303035626,66.59668825,-1.364655321,95.45936505,-0.783751158,-0.044932263,4.841559937
0.53093273,25.49302658,2.942758619,42.71857672,2.939264359,71.58337168,2.360397865,0.101474435,4.686621478
0.610884309,22.52327133,-1.356976591,32.88566923,-1.366462599,48.0155491,-0.78200873,-0.046792296,4.525187125
0.597094017,14.62501626,3.026091155,23.22118766,2.945091651,36.86994577,2.407650512,0.104347971,4.330401042
0.377766577,10.81856111,-1.440107947,16.27839454,-1.348944881,24.49365734,-0.738967624,-0.049658895,3.892413231
0.671959625,17.88474147,2.838051872,22.63155106,3.025386609,28.63821678,-2.716555226,0.097863858,4.00481413
0.367183854,12.90599258,1.319408972,18.5338417,1.38533948,26.61579774,1.876338903,0.045496861,2.394504699
0.376969041,34.20297165,-0.631236657,34.67255437,-1.005260222,35.14858414,-0.645204526,-0.021766781,6.145084926
0.555133242,58.74452777,2.83329622,73.0067115,2.915170115,90.73151366,2.302919058,0.09769987,3.926322612
0.5923075,47.91404058,-1.338547264,71.20598355,-1.371163651,105.820591,-0.781613821,-0.046156802,4.654071539
0.561409038,33.51432081,2.915982437,52.06825147,2.950684379,80.89386107,2.318036922,0.100551119,4.623632735
0.74706636,26.70875773,-1.347804916,39.93028002,-1.396057494,59.69679602,-0.444358424,-0.046476032,4.822159529
0.585052338,9.793480558,-3.107125928,18.71180948,-2.72722744,35.75151978,-2.185076306,-0.107142273,3.13569754
0.214877497,15.84639265,1.64678692,16.28682311,2.463364263,16.73949477,2.159509489,0.056785756,2.671483643
0.429446411,58.43083986,-1.046583712,65.64335997,-1.169466909,73.746171,-0.677958966,-0.036089094,4.867190803
0.667786709,80.64581321,2.897093139,104.7508337,2.99561301,136.0608409,2.243324212,0.099899763,3.886800436
