6/24/2005,game-1,14,43,44,50,56,7
6/28/2005,game-2,2,20,37,43,46,4
7/1/2005,game-3,14,25,41,42,50,40
7/5/2005,game-4,22,38,48,50,55,29
7/8/2005,game-5,9,23,45,48,50,3
7/12/2005,game-6,5,17,32,39,53,36
7/15/2005,game-7,9,13,25,36,48,2
7/19/2005,game-8,7,13,48,51,54,11
7/22/2005,game-9,7,18,27,35,54,34
7/26/2005,game-10,1,10,18,29,55,8
7/29/2005,game-11,4,16,23,25,40,22
8/2/2005,game-12,17,22,39,50,52,46
8/5/2005,game-13,3,5,48,50,53,4
8/9/2005,game-14,13,35,36,43,52,5
8/12/2005,game-15,8,37,38,45,54,21
8/16/2005,game-16,9,15,20,24,55,3
8/19/2005,game-17,2,13,18,36,46,36
8/23/2005,game-18,6,7,8,13,40,12
8/26/2005,game-19,5,20,38,47,54,35
8/30/2005,game-20,19,32,42,49,56,29
9/2/2005,game-21,1,4,14,45,53,33
9/6/2005,game-22,1,8,27,31,50,40
9/9/2005,game-23,15,28,43,51,52,11
9/13/2005,game-24,13,24,44,48,52,30
9/16/2005,game-25,5,16,41,46,50,1
9/20/2005,game-26,35,36,40,42,52,45
9/23/2005,game-27,6,7,20,41,51,38
9/27/2005,game-28,14,17,26,27,28,5
9/30/2005,game-29,1,3,14,30,52,10
10/4/2005,game-30,12,24,28,29,36,41
10/7/2005,game-31,2,4,23,27,36,37
10/11/2005,game-32,24,30,42,53,54,20
10/14/2005,game-33,6,20,24,25,34,44
10/18/2005,game-34,3,12,16,32,33,15
10/21/2005,game-35,11,17,28,29,36,42
10/25/2005,game-36,7,12,18,31,55,30
10/28/2005,game-37,8,17,25,28,53,1
11/1/2005,game-38,5,18,21,28,36,20
11/4/2005,game-39,7,9,41,53,54,38
11/8/2005,game-40,8,16,21,25,27,16
11/11/2005,game-41,9,14,34,50,51,40
11/15/2005,game-42,2,4,5,40,48,7
11/18/2005,game-43,8,18,21,42,46,11
11/22/2005,game-44,9,22,37,41,43,30
11/25/2005,game-45,5,25,31,33,34,41
11/29/2005,game-46,7,8,47,51,52,5
12/2/2005,game-47,3,12,21,38,44,45
12/6/2005,game-48,6,10,26,30,33,16
12/9/2005,game-49,14,15,31,32,43,20
12/13/2005,game-50,9,10,12,22,41,4
12/16/2005,game-51,14,25,26,31,56,17
12/20/2005,game-52,6,20,23,40,56,36
12/23/2005,game-53,10,37,39,49,54,8
12/27/2005,game-54,11,24,27,49,55,23
12/30/2005,game-55,14,20,25,40,44,37
1/3/2006,game-56,15,19,20,32,38,21
1/6/2006,game-57,8,11,28,37,53,12
1/10/2006,game-58,7,27,32,37,38,30
1/13/2006,game-59,5,21,27,44,53,36
1/17/2006,game-60,24,32,37,39,40,44
1/20/2006,game-61,18,22,28,44,53,46
1/24/2006,game-62,31,34,36,51,55,4
1/27/2006,game-63,2,7,8,18,29,46
1/31/2006,game-64,1,35,53,54,56,44
2/3/2006,game-65,29,31,32,41,52,42
2/7/2006,game-66,2,16,25,30,48,26
2/10/2006,game-67,24,39,40,43,46,2
2/14/2006,game-68,27,36,43,49,54,33
2/17/2006,game-69,16,25,31,43,46,28
2/21/2006,game-70,14,23,27,36,45,36
2/24/2006,game-71,3,5,12,16,34,27
2/28/2006,game-72,2,4,35,36,48,22
3/3/2006,game-73,25,29,38,39,46,4
3/7/2006,game-74,15,27,36,38,42,32
3/10/2006,game-75,4,17,18,51,54,31
3/14/2006,game-76,27,28,30,42,50,22
3/17/2006,game-77,8,11,23,48,52,5
3/21/2006,game-78,4,16,17,28,31,8
3/24/2006,game-79,1,2,17,47,49,19
3/28/2006,game-80,14,18,35,39,49,14
3/31/2006,game-81,4,7,19,50,52,15
4/4/2006,game-82,9,25,48,51,56,7
4/7/2006,game-83,1,18,31,46,52,37
4/11/2006,game-84,2,12,45,46,56,20
4/14/2006,game-85,8,10,18,29,33,10
4/18/2006,game-86,13,14,25,34,50,6
4/21/2006,game-87,2,4,7,27,41,4
4/25/2006,game-88,1,20,32,37,39,9
4/28/2006,game-89,16,29,32,36,55,12
5/2/2006,game-90,7,11,22,27,31,33
5/5/2006,game-91,8,20,39,53,55,10
5/9/2006,game-92,7,15,24,43,44,22
5/12/2006,game-93,6,36,39,45,52,45
5/16/2006,game-94,7,24,40,48,50,15
5/19/2006,game-95,5,12,31,51,56,1
5/23/2006,game-96,17,21,28,48,54,1
5/26/2006,game-97,12,14,20,47,48,24
5/30/2006,game-98,2,13,28,34,45,36
6/2/2006,game-99,3,10,18,36,38,41
6/6/2006,game-100,5,29,35,52,53,9
6/9/2006,game-101,8,17,18,26,47,37
6/13/2006,game-102,1,20,23,24,33,29
6/16/2006,game-103,27,30,36,38,45,13
6/20/2006,game-104,11,21,37,53,54,12
6/23/2006,game-105,13,17,24,34,56,24
6/27/2006,game-106,2,14,20,29,44,32
6/30/2006,game-107,20,40,46,48,54,27
7/4/2006,game-108,9,15,31,42,45,41
7/7/2006,game-109,7,15,27,46,56,39
7/11/2006,game-110,5,14,34,36,52,42
7/14/2006,game-111,13,25,26,28,56,39
7/18/2006,game-112,12,13,29,49,52,20
7/21/2006,game-113,18,26,35,36,43,24
7/25/2006,game-114,7,21,24,41,51,10
7/28/2006,game-115,2,13,23,32,35,4
8/1/2006,game-116,14,29,32,43,49,14
8/4/2006,game-117,2,24,31,50,55,44
8/8/2006,game-118,1,5,13,18,33,30
8/11/2006,game-119,14,16,38,40,49,29
8/15/2006,game-120,10,12,22,44,48,16
8/18/2006,game-121,5,12,13,46,50,10
8/22/2006,game-122,3,4,5,7,36,16
8/25/2006,game-123,17,24,35,46,54,33
8/29/2006,game-124,15,25,37,38,52,4
9/1/2006,game-125,5,6,51,53,55,12
9/5/2006,game-126,1,32,36,42,53,4
9/8/2006,game-127,9,17,34,52,53,2
9/12/2006,game-128,3,16,25,30,44,42
9/15/2006,game-129,6,26,33,39,55,1
9/19/2006,game-130,2,19,44,45,56,43
9/22/2006,game-131,7,12,17,22,43,16
9/26/2006,game-132,3,6,38,42,45,30
9/29/2006,game-133,3,25,43,45,55,40
10/3/2006,game-134,6,19,32,33,40,39
10/6/2006,game-135,1,11,20,21,46,18
10/10/2006,game-136,14,30,35,40,43,2
10/13/2006,game-137,24,27,42,47,50,8
10/17/2006,game-138,6,18,20,28,38,37
10/20/2006,game-139,9,13,23,29,54,34
10/24/2006,game-140,5,25,41,48,51,35
10/27/2006,game-141,15,22,26,30,32,31
10/31/2006,game-142,5,34,40,45,46,21
11/3/2006,game-143,8,10,22,25,55,22
11/7/2006,game-144,13,22,33,51,52,42
11/10/2006,game-145,11,42,52,53,55,28
11/14/2006,game-146,9,20,24,25,36,23
11/17/2006,game-147,5,19,25,30,50,42
11/21/2006,game-148,7,13,20,42,47,9
11/24/2006,game-149,14,35,40,47,48,35
11/28/2006,game-150,7,14,24,41,56,7
12/1/2006,game-151,16,22,23,37,53,35
12/5/2006,game-152,6,9,13,43,46,45
12/8/2006,game-153,1,15,29,32,45,8
12/12/2006,game-154,20,30,31,35,49,23
12/15/2006,game-155,6,7,17,28,40,39
12/19/2006,game-156,9,32,37,42,48,7
12/22/2006,game-157,5,12,15,25,34,43
12/26/2006,game-158,7,12,25,44,53,3
12/29/2006,game-159,3,4,10,39,50,29
1/2/2007,game-160,9,10,38,51,53,1
1/5/2007,game-161,2,12,44,46,51,6
1/9/2007,game-162,7,11,26,38,54,13
1/12/2007,game-163,12,14,26,40,42,22
1/16/2007,game-164,4,8,15,33,52,10
1/19/2007,game-165,4,28,30,31,35,17
1/23/2007,game-166,3,5,15,26,53,35
1/26/2007,game-167,16,17,36,49,54,14
1/30/2007,game-168,14,18,44,52,56,25
2/2/2007,game-169,22,33,35,40,53,15
2/6/2007,game-170,16,21,35,36,46,38
2/9/2007,game-171,32,39,46,48,49,41
2/13/2007,game-172,3,9,24,29,41,41
2/16/2007,game-173,17,35,40,46,48,41
2/20/2007,game-174,1,9,26,46,51,11
2/23/2007,game-175,3,18,21,38,50,43
2/27/2007,game-176,18,31,44,45,48,18
3/2/2007,game-177,14,21,33,35,51,43
3/6/2007,game-178,16,22,29,39,42,20
3/9/2007,game-179,10,13,25,42,43,30
3/13/2007,game-180,7,11,16,38,49,35
3/16/2007,game-181,17,25,36,40,43,9
3/20/2007,game-182,7,21,46,49,55,15
3/23/2007,game-183,18,21,35,51,53,36
3/27/2007,game-184,18,25,34,35,42,6
3/30/2007,game-185,15,23,37,48,53,22
4/3/2007,game-186,16,26,33,34,46,38
4/6/2007,game-187,24,32,34,36,39,6
4/10/2007,game-188,7,15,16,19,28,10
4/13/2007,game-189,11,14,21,25,26,33
4/17/2007,game-190,1,4,11,31,47,37
4/20/2007,game-191,1,9,10,23,53,40
4/24/2007,game-192,8,10,35,36,43,14
4/27/2007,game-193,5,7,26,38,56,15
5/1/2007,game-194,11,16,31,52,53,42
5/4/2007,game-195,4,9,20,45,55,34
5/8/2007,game-196,16,24,41,43,54,36
5/11/2007,game-197,28,30,33,48,54,25
5/15/2007,game-198,6,13,42,46,56,42
5/18/2007,game-199,13,23,24,30,44,5
5/22/2007,game-200,2,7,11,22,36,35
5/25/2007,game-201,10,14,22,42,43,1
5/29/2007,game-202,2,24,44,51,54,7
6/1/2007,game-203,12,19,29,32,48,9
6/5/2007,game-204,27,35,38,49,56,15
6/8/2007,game-205,6,26,29,31,39,31
6/12/2007,game-206,3,13,19,31,50,21
6/15/2007,game-207,1,5,16,26,30,21
6/19/2007,game-208,5,16,31,49,54,19
6/22/2007,game-209,11,14,21,24,31,23
6/26/2007,game-210,4,10,20,29,45,21
6/29/2007,game-211,1,17,40,51,52,7
7/3/2007,game-212,21,35,37,39,40,35
7/6/2007,game-213,3,9,12,25,47,37
7/10/2007,game-214,19,24,30,34,56,19
7/13/2007,game-215,7,39,41,48,53,21
7/17/2007,game-216,16,30,38,46,51,5
7/20/2007,game-217,6,13,30,41,52,26
7/24/2007,game-218,8,17,20,23,50,17
7/27/2007,game-219,7,12,35,54,55,2
7/31/2007,game-220,5,18,37,39,43,42
8/3/2007,game-221,16,29,42,46,51,40
8/7/2007,game-222,36,41,50,55,56,9
8/10/2007,game-223,10,20,32,33,54,39
8/14/2007,game-224,5,8,9,24,34,17
8/17/2007,game-225,2,8,33,38,53,12
8/21/2007,game-226,8,38,54,55,56,2
8/24/2007,game-227,4,21,46,51,53,5
8/28/2007,game-228,37,40,48,53,56,44
8/31/2007,game-229,8,18,22,40,44,11
9/4/2007,game-230,3,6,11,42,46,38
9/7/2007,game-231,14,19,27,34,48,3
9/11/2007,game-232,9,10,17,21,35,6
9/14/2007,game-233,5,9,12,33,40,27
9/18/2007,game-234,20,24,31,34,49,8
9/21/2007,game-235,5,21,23,33,45,43
9/25/2007,game-236,2,19,23,47,54,16
9/28/2007,game-237,4,13,20,25,33,42
10/2/2007,game-238,28,37,40,43,44,20
10/5/2007,game-239,10,19,37,40,48,1
10/9/2007,game-240,1,10,17,32,51,44
10/12/2007,game-241,21,26,34,44,54,23
10/16/2007,game-242,1,2,5,41,44,25
10/19/2007,game-243,5,15,18,23,46,14
10/23/2007,game-244,2,7,45,52,53,18
10/26/2007,game-245,12,20,24,38,51,3
10/30/2007,game-246,2,8,44,46,51,22
11/2/2007,game-247,1,3,34,49,52,19
11/6/2007,game-248,3,17,43,46,47,2
11/9/2007,game-249,11,33,41,42,46,21
11/13/2007,game-250,15,26,36,39,40,45
11/16/2007,game-251,12,13,30,31,39,29
11/20/2007,game-252,14,20,23,42,43,6
11/23/2007,game-253,18,21,33,42,56,11
11/27/2007,game-254,9,10,26,29,39,10
11/30/2007,game-255,5,6,12,26,51,7
12/4/2007,game-256,16,27,30,45,53,43
12/7/2007,game-257,12,18,26,28,51,35
12/11/2007,game-258,6,25,27,30,45,46
12/14/2007,game-259,4,7,12,17,30,44
12/18/2007,game-260,3,23,46,48,49,2
12/21/2007,game-261,14,19,20,43,53,7
12/25/2007,game-262,19,36,37,48,52,8
12/28/2007,game-263,2,19,22,28,54,25
1/1/2008,game-264,13,16,25,30,54,11
1/4/2008,game-265,24,31,39,40,56,32
1/8/2008,game-266,10,29,45,52,54,10
1/11/2008,game-267,22,36,42,45,55,42
1/15/2008,game-268,21,30,42,44,50,6
1/18/2008,game-269,12,22,33,43,44,15
1/22/2008,game-270,12,15,22,25,33,2
1/25/2008,game-271,5,12,22,38,56,22
1/29/2008,game-272,8,23,39,40,42,24
2/1/2008,game-273,3,14,30,44,56,5
2/5/2008,game-274,4,5,17,40,51,38
2/8/2008,game-275,21,30,43,46,50,18
2/12/2008,game-276,14,27,39,47,50,12
2/15/2008,game-277,7,11,26,30,53,14
2/19/2008,game-278,1,38,42,55,56,34
2/22/2008,game-279,7,12,13,19,22,10
2/26/2008,game-280,9,12,30,36,55,15
2/29/2008,game-281,5,17,22,26,55,38
3/4/2008,game-282,7,15,30,33,56,22
3/7/2008,game-283,19,32,33,41,48,12
3/11/2008,game-284,4,13,35,41,47,44
3/14/2008,game-285,3,12,18,25,52,21
3/18/2008,game-286,13,15,20,25,44,37
3/21/2008,game-287,5,8,17,19,41,21
3/25/2008,game-288,38,42,43,48,53,12
3/28/2008,game-289,7,26,27,40,43,10
4/1/2008,game-290,4,17,26,46,56,25
4/4/2008,game-291,3,5,40,45,49,17
4/8/2008,game-292,8,9,31,37,44,38
4/11/2008,game-293,14,18,27,31,42,7
4/15/2008,game-294,12,13,27,48,50,30
4/18/2008,game-295,24,28,36,50,53,29
4/22/2008,game-296,3,22,31,48,54,9
4/25/2008,game-297,19,32,37,45,52,41
4/29/2008,game-298,19,24,35,44,51,26
5/2/2008,game-299,8,28,37,53,55,26
5/6/2008,game-300,4,21,46,53,54,26
5/9/2008,game-301,16,31,43,46,56,22
5/13/2008,game-302,20,24,27,31,47,15
5/16/2008,game-303,6,11,39,46,47,26
5/20/2008,game-304,2,14,26,32,41,32
5/23/2008,game-305,4,8,11,22,30,4
5/27/2008,game-306,14,24,32,45,49,17
5/30/2008,game-307,39,40,47,53,55,32
6/3/2008,game-308,4,19,24,32,54,5
6/6/2008,game-309,8,9,43,44,54,27
6/10/2008,game-310,3,5,15,43,51,11
6/13/2008,game-311,8,9,14,38,44,36
6/17/2008,game-312,5,14,25,47,49,36
6/20/2008,game-313,11,17,25,36,42,13
6/24/2008,game-314,10,22,36,50,53,39
6/27/2008,game-315,8,14,22,39,50,44
7/1/2008,game-316,1,22,33,43,52,36
7/4/2008,game-317,1,3,12,19,20,28
7/8/2008,game-318,1,20,22,29,41,35
7/11/2008,game-319,5,14,16,39,51,34
7/15/2008,game-320,19,24,34,45,51,40
7/18/2008,game-321,17,29,36,53,55,26
7/22/2008,game-322,2,16,23,29,32,46
7/25/2008,game-323,2,16,19,35,52,17
7/29/2008,game-324,11,13,20,30,42,3
8/1/2008,game-325,9,13,17,18,56,2
8/5/2008,game-326,9,21,36,38,55,13
8/8/2008,game-327,11,17,28,32,50,33
8/12/2008,game-328,2,7,23,38,40,40
8/15/2008,game-329,8,23,29,30,53,7
8/19/2008,game-330,9,18,19,26,40,38
8/22/2008,game-331,12,13,15,41,42,37
8/26/2008,game-332,6,16,24,34,36,30
8/29/2008,game-333,21,25,26,50,51,22
9/2/2008,game-334,14,23,43,44,54,39
9/5/2008,game-335,1,6,15,27,46,39
9/9/2008,game-336,22,23,28,49,52,2
9/12/2008,game-337,1,12,14,25,35,38
9/16/2008,game-338,13,24,39,51,52,44
9/19/2008,game-339,2,9,41,48,51,37
9/23/2008,game-340,9,32,34,43,52,4
9/26/2008,game-341,6,13,14,31,36,36
9/30/2008,game-342,9,30,35,39,49,36
10/3/2008,game-343,13,28,32,41,52,16
10/7/2008,game-344,2,25,35,38,42,34
10/10/2008,game-345,14,15,43,46,48,21
10/14/2008,game-346,14,35,41,42,51,23
10/17/2008,game-347,7,15,27,28,31,35
10/21/2008,game-348,16,19,39,42,44,38
10/24/2008,game-349,5,33,34,47,52,18
10/28/2008,game-350,6,39,45,46,48,36
10/31/2008,game-351,2,7,17,29,47,40
11/4/2008,game-352,10,21,23,41,55,9
11/7/2008,game-353,14,24,32,43,44,21
11/11/2008,game-354,5,27,38,42,55,41
11/14/2008,game-355,3,18,19,30,34,3
11/18/2008,game-356,10,15,22,52,53,12
11/21/2008,game-357,1,22,52,53,56,45
11/25/2008,game-358,2,11,22,51,52,46
11/28/2008,game-359,10,30,44,46,48,44
12/2/2008,game-360,2,17,22,32,51,35
12/5/2008,game-361,21,27,46,52,55,14
12/9/2008,game-362,11,12,26,31,33,27
12/12/2008,game-363,10,16,19,27,48,25
12/16/2008,game-364,10,14,16,29,40,6
12/19/2008,game-365,3,13,16,39,54,32
12/23/2008,game-366,1,8,13,27,41,45
12/26/2008,game-367,6,19,29,33,37,31
12/30/2008,game-368,1,22,29,44,52,39
1/2/2009,game-369,2,11,19,21,34,38
1/6/2009,game-370,3,11,12,19,33,30
1/9/2009,game-371,23,25,30,45,50,8
1/13/2009,game-372,22,25,33,36,48,40
1/16/2009,game-373,2,4,21,39,51,29
1/20/2009,game-374,1,9,10,35,46,9
1/23/2009,game-375,2,17,20,27,28,7
1/27/2009,game-376,3,11,12,14,21,25
1/30/2009,game-377,13,16,19,53,55,2
2/3/2009,game-378,4,15,29,43,56,29
2/6/2009,game-379,2,12,18,28,31,3
2/10/2009,game-380,18,29,38,43,47,7
2/13/2009,game-381,25,36,37,40,51,20
2/17/2009,game-382,1,9,23,27,33,24
2/20/2009,game-383,21,28,41,45,55,24
2/24/2009,game-384,1,27,28,35,40,6
2/27/2009,game-385,24,37,44,50,56,35
3/3/2009,game-386,26,32,35,43,52,10
3/6/2009,game-387,11,18,37,46,55,45
3/10/2009,game-388,2,27,31,39,40,23
3/13/2009,game-389,10,12,26,46,50,23
3/17/2009,game-390,9,15,24,28,31,17
3/20/2009,game-391,15,16,20,39,40,26
3/24/2009,game-392,4,25,34,43,44,45
3/27/2009,game-393,10,15,24,38,50,19
3/31/2009,game-394,14,39,47,48,53,29
4/3/2009,game-395,16,22,38,39,48,42
4/7/2009,game-396,2,4,13,17,36,15
4/10/2009,game-397,18,25,36,42,51,22
4/14/2009,game-398,4,11,22,48,50,42
4/17/2009,game-399,5,13,26,35,45,32
4/21/2009,game-400,5,24,37,47,52,6
4/24/2009,game-401,9,20,21,48,49,7
4/28/2009,game-402,15,20,24,36,44,6
5/1/2009,game-403,9,16,24,40,43,35
5/5/2009,game-404,5,23,38,39,54,3
5/8/2009,game-405,12,27,29,32,34,34
5/12/2009,game-406,4,8,10,14,51,31
5/15/2009,game-407,7,12,24,36,48,27
5/19/2009,game-408,2,4,9,15,42,13
5/22/2009,game-409,3,29,34,42,49,29
5/26/2009,game-410,9,18,21,37,55,33
5/29/2009,game-411,23,30,36,39,48,34
6/2/2009,game-412,9,13,26,30,35,33
6/5/2009,game-413,5,20,38,41,52,20
6/9/2009,game-414,5,17,31,36,56,46
6/12/2009,game-415,6,11,20,32,44,38
6/16/2009,game-416,9,15,21,26,45,25
6/19/2009,game-417,4,9,12,16,46,44
6/23/2009,game-418,12,14,16,31,50,9
6/26/2009,game-419,11,15,17,29,46,16
6/30/2009,game-420,7,34,49,54,55,34
7/3/2009,game-421,5,6,7,11,25,31
7/7/2009,game-422,25,27,35,38,39,28
7/10/2009,game-423,5,10,26,27,28,4
7/14/2009,game-424,20,29,35,45,53,41
7/17/2009,game-425,8,17,40,47,50,13
7/21/2009,game-426,3,8,21,50,52,2
7/24/2009,game-427,3,6,43,51,52,36
7/28/2009,game-428,4,17,24,25,48,34
7/31/2009,game-429,17,35,44,52,56,22
8/4/2009,game-430,1,28,34,42,50,27
8/7/2009,game-431,7,18,35,45,56,3
8/11/2009,game-432,6,12,15,32,42,40
8/14/2009,game-433,8,22,25,33,35,46
8/18/2009,game-434,4,5,26,37,56,25
8/21/2009,game-435,9,38,44,48,49,13
8/25/2009,game-436,3,12,19,22,40,2
8/28/2009,game-437,1,17,31,37,54,31
9/1/2009,game-438,2,9,28,51,53,19
9/4/2009,game-439,2,4,6,21,44,37
9/8/2009,game-440,4,10,18,28,50,35
9/11/2009,game-441,16,27,48,49,54,2
9/15/2009,game-442,29,30,32,35,41,39
9/18/2009,game-443,18,27,31,36,52,33
9/22/2009,game-444,26,29,33,39,46,24
9/25/2009,game-445,7,27,42,49,52,19
9/29/2009,game-446,2,21,25,45,50,21
10/2/2009,game-447,15,24,51,53,55,11
10/6/2009,game-448,9,33,51,53,56,39
10/9/2009,game-449,3,14,21,24,51,14
10/13/2009,game-450,17,31,34,45,51,24
10/16/2009,game-451,10,13,18,33,51,43
10/20/2009,game-452,13,17,25,45,55,8
10/23/2009,game-453,27,45,48,54,56,2
10/27/2009,game-454,7,13,37,46,51,2
10/30/2009,game-455,4,15,17,29,38,20
11/3/2009,game-456,5,18,23,31,38,20
11/6/2009,game-457,7,11,27,40,46,8
11/10/2009,game-458,8,21,29,34,37,15
11/13/2009,game-459,27,43,45,49,54,44
11/17/2009,game-460,8,22,27,49,50,28
11/20/2009,game-461,3,4,7,16,56,39
11/24/2009,game-462,10,11,35,37,50,12
11/27/2009,game-463,12,25,37,39,45,11
12/1/2009,game-464,17,30,39,52,53,21
12/4/2009,game-465,4,33,41,51,56,38
12/8/2009,game-466,20,23,28,30,46,29
12/11/2009,game-467,2,21,27,34,44,45
12/15/2009,game-468,27,31,32,36,47,35
12/18/2009,game-469,10,20,30,44,49,24
12/22/2009,game-470,3,33,35,39,45,13
12/25/2009,game-471,4,16,44,52,54,20
12/29/2009,game-472,2,5,29,35,51,3
1/1/2010,game-473,6,8,27,40,41,21
1/5/2010,game-474,13,28,39,50,55,10
1/8/2010,game-475,18,20,31,36,43,33
1/12/2010,game-476,5,9,31,37,56,16
1/15/2010,game-477,4,7,19,21,38,29
1/19/2010,game-478,4,5,34,38,41,18
1/22/2010,game-479,8,13,27,28,52,9
1/26/2010,game-480,7,8,38,39,48,22
1/29/2010,game-481,1,10,22,23,38,19
2/2/2010,game-482,6,7,26,27,49,9
2/5/2010,game-483,10,20,45,51,53,41
2/9/2010,game-484,2,17,20,26,48,12
2/12/2010,game-485,14,16,17,33,47,23
2/16/2010,game-486,11,12,21,29,45,5
2/19/2010,game-487,1,22,39,42,46,36
2/23/2010,game-488,4,16,36,40,53,18
2/26/2010,game-489,4,14,29,54,56,40
3/2/2010,game-490,9,12,47,48,56,25
3/5/2010,game-491,11,31,34,44,52,32
3/9/2010,game-492,14,16,18,19,29,16
3/12/2010,game-493,2,15,25,48,53,41
3/16/2010,game-494,3,22,48,52,56,13
3/19/2010,game-495,10,31,45,50,54,25
3/23/2010,game-496,3,25,28,29,40,13
3/26/2010,game-497,23,41,46,47,52,22
3/30/2010,game-498,1,11,24,38,44,41
4/2/2010,game-499,2,17,22,30,31,19
4/6/2010,game-500,16,43,44,52,56,26
4/9/2010,game-501,15,18,39,48,53,3
4/13/2010,game-502,3,12,27,39,47,32
4/16/2010,game-503,10,16,31,48,50,44
4/20/2010,game-504,5,8,10,34,42,25
4/23/2010,game-505,19,26,28,37,52,18
4/27/2010,game-506,23,37,41,50,55,6
4/30/2010,game-507,14,20,41,47,53,40
5/4/2010,game-508,9,21,31,36,43,8
5/7/2010,game-509,2,7,20,34,50,40
5/11/2010,game-510,26,33,43,46,54,9
5/14/2010,game-511,20,21,40,47,56,12
5/18/2010,game-512,11,13,19,37,40,26
5/21/2010,game-513,15,20,23,26,30,17
5/25/2010,game-514,5,14,17,19,24,25
5/28/2010,game-515,3,11,20,29,39,26
6/1/2010,game-516,12,27,44,45,51,30
6/4/2010,game-517,12,13,15,17,50,23
6/8/2010,game-518,12,18,28,48,54,6
6/11/2010,game-519,6,13,33,34,42,25
6/15/2010,game-520,4,12,13,21,27,46
6/18/2010,game-521,11,36,37,41,55,7
6/22/2010,game-522,12,17,21,23,30,24
6/25/2010,game-523,1,2,13,19,27,21
6/29/2010,game-524,3,4,15,27,37,35
7/2/2010,game-525,1,10,12,32,36,25
7/6/2010,game-526,8,18,45,47,50,36
7/9/2010,game-527,1,31,33,34,50,41
7/13/2010,game-528,7,11,14,15,34,14
7/16/2010,game-529,2,15,18,20,39,34
7/20/2010,game-530,12,18,28,36,43,19
7/23/2010,game-531,16,19,39,44,49,26
7/27/2010,game-532,2,7,10,16,29,8
7/30/2010,game-533,11,30,40,48,52,42
8/3/2010,game-534,4,13,20,22,56,32
8/6/2010,game-535,7,13,30,33,54,30
8/10/2010,game-536,2,14,26,50,56,12
8/13/2010,game-537,6,17,24,43,55,36
8/17/2010,game-538,11,19,40,43,44,33
8/20/2010,game-539,4,13,20,29,48,36
8/24/2010,game-540,4,23,24,28,32,31
8/27/2010,game-541,4,10,26,32,41,31
8/31/2010,game-542,10,20,29,47,48,38
9/3/2010,game-543,10,13,20,28,36,9
9/7/2010,game-544,8,18,22,24,38,23
9/10/2010,game-545,11,12,17,21,23,20
9/14/2010,game-546,6,14,50,55,56,1
9/17/2010,game-547,3,4,14,18,27,13
9/21/2010,game-548,3,20,43,47,52,26
9/24/2010,game-549,2,28,38,42,55,25
9/28/2010,game-550,2,10,13,36,38,18
10/1/2010,game-551,3,8,21,28,52,43
10/5/2010,game-552,10,19,24,37,44,27
10/8/2010,game-553,24,29,37,48,50,19
10/12/2010,game-554,10,31,36,37,43,15
10/15/2010,game-555,9,10,13,31,50,10
10/19/2010,game-556,2,9,14,37,42,41
10/22/2010,game-557,2,7,18,32,53,18
10/26/2010,game-558,15,21,30,31,32,26
10/29/2010,game-559,4,19,26,28,39,14
11/2/2010,game-560,1,3,12,16,54,46
11/5/2010,game-561,19,25,34,46,53,15
11/9/2010,game-562,8,26,28,33,53,11
11/12/2010,game-563,9,26,28,35,38,10
11/16/2010,game-564,1,26,27,39,46,21
11/19/2010,game-565,7,14,31,51,54,35
11/23/2010,game-566,2,6,12,34,35,33
11/26/2010,game-567,5,9,34,43,47,8
11/30/2010,game-568,11,16,19,47,53,2
12/3/2010,game-569,6,11,12,18,56,12
12/7/2010,game-570,4,38,45,53,54,9
12/10/2010,game-571,23,27,33,44,46,36
12/14/2010,game-572,18,22,25,31,38,29
12/17/2010,game-573,11,20,26,46,53,12
12/21/2010,game-574,8,11,12,31,32,29
12/24/2010,game-575,15,16,27,40,52,16
12/28/2010,game-576,6,18,36,40,49,7
12/31/2010,game-577,10,12,13,35,56,9
1/4/2011,game-578,4,8,15,25,47,42
1/7/2011,game-579,4,22,42,46,53,20
1/11/2011,game-580,1,4,11,16,45,37
1/14/2011,game-581,2,15,17,33,35,8
1/18/2011,game-582,4,27,29,38,45,5
1/21/2011,game-583,5,9,21,35,38,20
1/25/2011,game-584,5,8,31,46,50,4
1/28/2011,game-585,14,33,48,49,50,18
2/1/2011,game-586,16,22,23,26,35,31
2/4/2011,game-587,6,20,29,48,55,6
2/8/2011,game-588,25,35,36,47,48,18
2/11/2011,game-589,8,9,17,32,34,13
2/15/2011,game-590,17,18,24,35,39,18
2/18/2011,game-591,5,6,7,30,45,42
2/22/2011,game-592,15,22,23,48,55,31
2/25/2011,game-593,4,5,17,19,50,7
3/1/2011,game-594,1,12,19,20,47,25
3/4/2011,game-595,8,10,15,23,41,7
3/8/2011,game-596,3,17,19,41,55,24
3/11/2011,game-597,14,19,21,42,45,6
3/15/2011,game-598,10,11,12,28,43,45
3/18/2011,game-599,14,33,34,54,56,37
3/22/2011,game-600,1,14,35,50,53,43
3/25/2011,game-601,22,24,31,52,54,4
3/29/2011,game-602,6,15,23,34,38,43
4/1/2011,game-603,13,14,35,36,53,19
4/5/2011,game-604,1,19,20,31,36,9
4/8/2011,game-605,6,40,45,50,56,11
4/12/2011,game-606,10,23,39,41,45,15
4/15/2011,game-607,22,23,33,39,48,29
4/19/2011,game-608,20,24,32,45,51,43
4/22/2011,game-609,3,18,46,51,53,17
4/26/2011,game-610,19,29,32,38,55,15
4/29/2011,game-611,9,10,11,33,51,29
5/3/2011,game-612,1,16,29,36,50,16
5/6/2011,game-613,6,18,26,37,41,9
5/10/2011,game-614,11,16,34,40,51,34
5/13/2011,game-615,3,33,39,47,53,9
5/17/2011,game-616,1,2,17,25,48,45
5/20/2011,game-617,10,17,19,45,48,30
5/24/2011,game-618,9,12,21,42,43,42
5/27/2011,game-619,5,7,14,28,56,10
5/31/2011,game-620,28,30,31,37,55,13
6/3/2011,game-621,20,23,41,49,53,31
6/7/2011,game-622,29,32,35,47,52,13
6/10/2011,game-623,18,21,27,37,38,7
6/14/2011,game-624,9,10,20,51,53,24
6/17/2011,game-625,12,29,46,47,51,24
6/21/2011,game-626,11,24,25,31,46,17
6/24/2011,game-627,10,14,40,49,51,4
6/28/2011,game-628,12,17,27,47,48,33
7/1/2011,game-629,12,17,30,35,47,26
7/5/2011,game-630,1,10,13,18,46,19
7/8/2011,game-631,1,2,22,37,50,45
7/12/2011,game-632,3,9,11,44,49,9
7/15/2011,game-633,16,29,30,46,56,6
7/19/2011,game-634,2,9,10,16,35,40
7/22/2011,game-635,23,31,32,39,56,38
7/26/2011,game-636,20,25,35,52,55,10
7/29/2011,game-637,8,10,22,47,48,35
8/2/2011,game-638,14,17,19,20,32,28
8/5/2011,game-639,6,24,28,33,42,19
8/9/2011,game-640,11,19,39,45,54,15
8/12/2011,game-641,9,43,51,54,55,13
8/16/2011,game-642,4,38,41,42,43,44
8/19/2011,game-643,5,15,53,54,56,22
8/23/2011,game-644,11,21,44,48,49,23
8/26/2011,game-645,2,3,27,30,47,36
8/30/2011,game-646,2,22,25,28,50,18
9/2/2011,game-647,25,44,48,49,55,20
9/6/2011,game-648,1,36,38,42,49,19
9/9/2011,game-649,7,12,19,23,31,45
9/13/2011,game-650,22,31,43,48,56,45
9/16/2011,game-651,6,23,41,45,56,24
9/20/2011,game-652,6,29,38,50,51,39
9/23/2011,game-653,21,27,32,40,52,36
9/27/2011,game-654,2,20,28,36,45,37
9/30/2011,game-655,3,19,21,44,45,29
10/4/2011,game-656,3,26,40,45,52,11
10/7/2011,game-657,5,15,19,23,38,19
10/11/2011,game-658,25,34,38,44,56,27
10/14/2011,game-659,13,35,42,45,54,26
10/18/2011,game-660,24,25,45,47,53,42
10/21/2011,game-661,6,21,35,37,38,17
10/25/2011,game-662,13,33,40,44,46,8
10/28/2011,game-663,13,31,49,52,56,41
11/1/2011,game-664,27,31,39,40,46,36
11/4/2011,game-665,26,30,32,33,44,1
11/8/2011,game-666,5,31,45,47,54,4
11/11/2011,game-667,2,16,22,29,50,27
11/15/2011,game-668,3,6,24,30,33,21
11/18/2011,game-669,4,13,33,39,55,3
11/22/2011,game-670,4,16,23,33,48,38
11/25/2011,game-671,22,28,42,49,54,43
11/29/2011,game-672,17,29,43,48,52,36
12/2/2011,game-673,24,30,48,51,56,45
12/6/2011,game-674,7,21,29,35,49,39
12/9/2011,game-675,4,12,29,49,51,44
12/13/2011,game-676,5,6,22,26,41,6
12/16/2011,game-677,2,4,26,36,39,27
12/20/2011,game-678,20,24,27,45,51,31
12/23/2011,game-679,3,5,8,18,29,14
12/27/2011,game-680,23,32,33,39,43,8
12/30/2011,game-681,4,24,45,46,52,1
1/3/2012,game-682,2,3,15,22,36,23
1/6/2012,game-683,9,17,28,34,48,46
1/10/2012,game-684,4,10,16,38,48,34
1/13/2012,game-685,10,27,28,37,51,19
1/17/2012,game-686,3,15,31,36,53,27
1/20/2012,game-687,1,9,28,38,47,8
1/24/2012,game-688,10,22,24,36,49,33
1/27/2012,game-689,3,5,30,36,48,23
1/31/2012,game-690,9,17,18,28,43,9
2/3/2012,game-691,7,19,21,49,53,35
2/7/2012,game-692,17,23,30,37,45,4
2/10/2012,game-693,3,4,18,29,50,20
2/14/2012,game-694,3,5,10,26,27,27
2/17/2012,game-695,16,25,28,32,40,3
2/21/2012,game-696,9,30,39,42,47,37
2/24/2012,game-697,1,16,18,25,27,3
2/28/2012,game-698,6,15,29,39,51,36
3/2/2012,game-699,16,29,48,52,54,5
3/6/2012,game-700,20,24,31,33,36,44
3/9/2012,game-701,9,10,27,36,42,11
3/13/2012,game-702,2,8,30,36,48,31
3/16/2012,game-703,28,29,43,51,53,7
3/20/2012,game-704,1,4,6,11,14,30
3/23/2012,game-705,6,17,19,20,21,20
3/27/2012,game-706,9,19,34,44,51,24
3/30/2012,game-707,2,4,23,38,46,23
4/3/2012,game-708,11,35,38,41,52,40
4/6/2012,game-709,2,19,20,24,33,39
4/10/2012,game-710,2,6,12,31,48,25
4/13/2012,game-711,9,14,17,36,42,33
4/17/2012,game-712,1,16,24,32,48,2
4/20/2012,game-713,14,23,26,33,35,40
4/24/2012,game-714,3,9,15,37,38,39
4/27/2012,game-715,2,5,45,46,47,37
5/1/2012,game-716,24,27,31,45,52,38
5/4/2012,game-717,4,11,21,42,53,38
5/8/2012,game-718,2,6,8,18,51,19
5/11/2012,game-719,3,15,29,35,54,8
5/15/2012,game-720,10,11,12,14,24,6
5/18/2012,game-721,3,11,22,34,49,1
5/22/2012,game-722,10,14,35,43,52,16
5/25/2012,game-723,9,15,21,40,54,11
5/29/2012,game-724,2,14,29,53,55,31
6/1/2012,game-725,2,27,38,46,52,45
6/5/2012,game-726,37,39,42,53,55,22
6/8/2012,game-727,4,9,34,40,48,25
6/12/2012,game-728,2,9,17,34,50,45
6/15/2012,game-729,8,12,18,30,40,4
6/19/2012,game-730,11,21,27,30,53,11
6/22/2012,game-731,10,16,19,32,36,13
6/26/2012,game-732,3,16,23,35,36,20
6/29/2012,game-733,28,34,39,45,53,34
7/3/2012,game-734,3,4,24,36,52,45
7/6/2012,game-735,20,23,28,35,39,21
7/10/2012,game-736,3,11,19,23,36,21
7/13/2012,game-737,6,7,13,24,46,34
7/17/2012,game-738,1,13,21,49,55,17
7/20/2012,game-739,2,44,48,50,52,3
7/24/2012,game-740,5,9,38,46,51,5
7/27/2012,game-741,2,3,4,8,43,26
7/31/2012,game-742,5,18,21,29,41,37
8/3/2012,game-743,2,10,13,38,46,2
8/7/2012,game-744,30,32,33,42,48,7
8/10/2012,game-745,10,18,36,38,44,8
8/14/2012,game-746,15,23,34,39,55,32
8/17/2012,game-747,8,20,24,35,56,24
8/21/2012,game-748,5,13,20,23,33,30
8/24/2012,game-749,25,34,45,46,49,34
8/28/2012,game-750,4,9,40,45,50,39
8/31/2012,game-751,31,40,41,47,48,45
9/4/2012,game-752,16,32,39,41,53,16
9/7/2012,game-753,15,32,38,42,46,31
9/11/2012,game-754,5,11,20,33,36,11
9/14/2012,game-755,16,17,21,40,51,20
9/18/2012,game-756,5,9,22,36,49,36
9/21/2012,game-757,3,13,14,46,55,34
9/25/2012,game-758,7,8,23,50,51,26
9/28/2012,game-759,6,8,14,43,56,28
10/2/2012,game-760,10,11,20,42,55,9
10/5/2012,game-761,8,9,16,32,39,15
10/9/2012,game-762,6,15,16,22,37,3
10/12/2012,game-763,6,10,24,26,42,15
10/16/2012,game-764,13,37,40,46,52,29
10/19/2012,game-765,14,34,36,48,53,42
10/23/2012,game-766,1,17,42,46,55,1
10/26/2012,game-767,4,15,24,36,40,44
10/30/2012,game-768,5,12,18,29,56,38
11/2/2012,game-769,4,18,22,38,44,24
11/6/2012,game-770,3,5,13,32,35,6
11/9/2012,game-771,18,22,33,35,40,11
11/13/2012,game-772,6,12,31,46,56,34
11/16/2012,game-773,5,24,26,29,53,36
11/20/2012,game-774,9,13,22,38,52,44
11/23/2012,game-775,8,37,44,47,48,27
11/27/2012,game-776,5,12,26,42,49,24
11/30/2012,game-777,11,22,24,28,31,46
12/4/2012,game-778,3,19,24,32,43,44
12/7/2012,game-779,7,43,44,51,56,4
12/11/2012,game-780,39,44,51,52,54,13
12/14/2012,game-781,11,28,33,41,43,41
12/18/2012,game-782,1,6,7,18,29,16
12/21/2012,game-783,3,18,32,41,56,19
12/25/2012,game-784,2,3,18,34,48,36
12/28/2012,game-785,10,13,32,40,41,32
1/1/2013,game-786,4,11,21,25,44,29
1/4/2013,game-787,1,2,23,25,55,39
1/8/2013,game-788,3,20,21,38,42,19
1/11/2013,game-789,24,29,30,34,56,1
1/15/2013,game-790,1,6,12,19,41,14
1/18/2013,game-791,8,18,25,42,49,14
1/22/2013,game-792,7,11,16,39,54,13
1/25/2013,game-793,11,12,17,31,48,1
1/29/2013,game-794,8,12,27,46,47,6
2/1/2013,game-795,1,30,32,40,41,17
2/5/2013,game-796,2,5,10,26,44,46
2/8/2013,game-797,6,15,20,39,50,5
2/12/2013,game-798,9,22,32,38,55,44
2/15/2013,game-799,11,35,41,42,44,42
2/19/2013,game-800,1,15,19,30,56,28
2/22/2013,game-801,9,13,24,38,49,30
2/26/2013,game-802,6,7,13,15,43,7
3/1/2013,game-803,17,30,38,43,51,20
3/5/2013,game-804,6,20,39,41,46,42
3/8/2013,game-805,4,11,25,34,35,44
3/12/2013,game-806,9,12,19,20,30,39
3/15/2013,game-807,4,8,17,22,32,8
3/19/2013,game-808,3,6,14,21,37,35
3/22/2013,game-809,14,27,34,37,41,38
3/26/2013,game-810,20,33,46,49,51,46
3/29/2013,game-811,25,31,36,46,53,21
4/2/2013,game-812,7,10,14,40,47,34
4/5/2013,game-813,8,15,23,36,41,5
4/9/2013,game-814,17,30,41,48,54,13
4/12/2013,game-815,1,10,13,19,21,28
4/16/2013,game-816,2,5,15,18,39,42
4/19/2013,game-817,6,8,12,22,43,28
4/23/2013,game-818,9,21,22,32,50,10
4/26/2013,game-819,17,42,49,54,55,31
4/30/2013,game-820,21,30,34,39,49,43
5/3/2013,game-821,2,20,34,42,54,39
5/7/2013,game-822,1,6,13,20,51,31
5/10/2013,game-823,1,19,20,39,49,28
5/14/2013,game-824,6,10,12,28,32,38
5/17/2013,game-825,11,15,35,43,49,41
5/21/2013,game-826,2,15,17,48,55,11
5/24/2013,game-827,4,5,16,18,53,28
5/28/2013,game-828,4,12,25,32,54,36
5/31/2013,game-829,2,20,26,44,46,26
6/4/2013,game-830,10,11,12,20,55,19
6/7/2013,game-831,1,10,37,48,55,21
6/11/2013,game-832,15,40,45,50,53,28
6/14/2013,game-833,2,5,31,33,34,20
6/18/2013,game-834,6,17,34,40,48,30
6/21/2013,game-835,3,14,17,40,50,3
6/25/2013,game-836,3,5,28,33,51,16
6/28/2013,game-837,8,15,35,46,52,38
7/2/2013,game-838,36,42,51,52,53,40
7/5/2013,game-839,2,23,41,47,54,42
7/9/2013,game-840,3,21,43,45,48,14
7/12/2013,game-841,4,5,25,27,51,10
7/16/2013,game-842,10,14,21,40,53,20
7/19/2013,game-843,16,20,24,39,42,46
7/23/2013,game-844,25,32,35,50,51,46
7/26/2013,game-845,4,22,23,27,38,42
7/30/2013,game-846,25,27,36,42,44,39
8/2/2013,game-847,8,21,23,25,39,4
8/6/2013,game-848,1,11,16,51,55,41
8/9/2013,game-849,11,20,30,34,38,12
8/13/2013,game-850,2,31,32,37,41,40
8/16/2013,game-851,7,13,26,36,46,37
8/20/2013,game-852,13,28,35,38,41,33
8/23/2013,game-853,1,9,17,20,53,14
8/27/2013,game-854,4,7,30,36,38,38
8/30/2013,game-855,6,19,24,43,44,33
9/3/2013,game-856,4,13,14,28,41,28
9/6/2013,game-857,2,16,17,22,41,31
9/10/2013,game-858,2,12,18,54,56,1
9/13/2013,game-859,9,22,28,48,54,8
9/17/2013,game-860,6,15,27,31,39,25
9/20/2013,game-861,1,15,20,21,47,34
9/24/2013,game-862,4,11,32,39,40,33
9/27/2013,game-863,9,23,27,49,51,38
10/1/2013,game-864,7,10,30,37,53,1
10/4/2013,game-865,4,16,24,25,44,5
10/8/2013,game-866,6,15,19,23,40,5
10/11/2013,game-867,3,27,37,45,48,46
10/15/2013,game-868,4,23,30,43,50,11
10/18/2013,game-869,5,20,45,48,56,1
10/22/2013,game-870,2,3,19,52,71,14
10/25/2013,game-871,6,16,45,54,60,15
10/29/2013,game-872,20,33,50,53,54,7
11/1/2013,game-873,32,35,49,62,67,1
11/5/2013,game-874,2,11,42,64,74,2
11/8/2013,game-875,41,42,51,57,65,7
11/12/2013,game-876,20,30,32,42,71,15
11/15/2013,game-877,25,44,49,54,63,8
11/19/2013,game-878,14,15,29,49,63,2
11/22/2013,game-879,17,23,35,36,44,8
11/26/2013,game-880,27,44,59,74,75,3
11/29/2013,game-881,9,41,43,47,57,5
12/3/2013,game-882,7,12,41,44,59,3
12/6/2013,game-883,11,29,44,63,64,3
12/10/2013,game-884,5,12,22,41,65,13
12/13/2013,game-885,19,24,26,27,70,12
12/17/2013,game-886,8,14,17,20,39,7
12/20/2013,game-887,3,4,31,49,57,6
12/24/2013,game-888,23,34,53,58,73,2
12/27/2013,game-889,4,15,35,48,49,11
12/31/2013,game-890,8,12,34,52,58,8
1/3/2014,game-891,22,24,25,40,70,5
1/7/2014,game-892,13,34,56,62,64,6
1/10/2014,game-893,8,28,36,37,57,8
1/14/2014,game-894,4,23,26,62,69,13
1/17/2014,game-895,1,10,26,31,51,11
1/21/2014,game-896,8,23,33,45,52,4
1/24/2014,game-897,22,45,46,47,65,10
1/28/2014,game-898,7,16,28,53,60,2
1/31/2014,game-899,3,9,13,47,52,8
2/4/2014,game-900,25,44,49,60,73,9
2/7/2014,game-901,11,21,23,35,64,10
2/11/2014,game-902,43,64,67,71,73,4
2/14/2014,game-903,20,28,35,71,72,7
2/18/2014,game-904,23,29,31,37,70,14
2/21/2014,game-905,23,29,32,45,46,15
2/25/2014,game-906,12,18,25,35,66,15
2/28/2014,game-907,3,31,50,58,59,6
3/4/2014,game-908,10,29,31,35,45,10
3/7/2014,game-909,11,13,51,57,69,1
3/11/2014,game-910,9,14,56,57,69,10
3/14/2014,game-911,7,20,40,54,69,12
3/18/2014,game-912,11,19,24,33,51,7
3/21/2014,game-913,2,23,30,35,53,10
3/25/2014,game-914,19,26,51,57,73,15
3/28/2014,game-915,2,3,9,50,73,12
4/1/2014,game-916,10,23,68,74,75,9
4/4/2014,game-917,1,10,15,41,54,9
4/8/2014,game-918,35,36,41,60,71,3
4/11/2014,game-919,3,42,44,47,57,8
4/15/2014,game-920,4,39,46,47,70,13
4/18/2014,game-921,18,25,38,45,63,9
4/22/2014,game-922,2,18,19,49,50,1
4/25/2014,game-923,3,11,18,20,66,9
4/29/2014,game-924,7,43,59,61,66,3
5/2/2014,game-925,1,18,26,35,40,13
5/6/2014,game-926,18,20,27,48,51,5
5/9/2014,game-927,10,28,39,51,59,14
5/13/2014,game-928,37,46,48,70,74,1
5/16/2014,game-929,13,14,16,50,56,11
5/20/2014,game-930,10,40,63,64,69,7
5/23/2014,game-931,12,14,21,38,70,15
5/27/2014,game-932,1,6,10,46,58,13
5/30/2014,game-933,10,13,42,43,62,2
6/3/2014,game-934,19,28,62,66,74,6
6/6/2014,game-935,12,29,37,49,72,9
6/10/2014,game-936,2,10,24,26,74,7
6/13/2014,game-937,7,38,46,49,56,1
6/17/2014,game-938,10,14,24,47,60,3
6/20/2014,game-939,1,22,25,29,56,3
6/24/2014,game-940,13,17,24,47,65,10
6/27/2014,game-941,15,29,31,46,64,10
7/1/2014,game-942,9,22,38,47,49,15
7/4/2014,game-943,16,33,39,58,69,2
7/8/2014,game-944,14,25,27,48,49,9
7/11/2014,game-945,9,13,30,35,69,10
7/15/2014,game-946,2,4,17,36,40,5
7/18/2014,game-947,5,8,59,65,72,3
7/22/2014,game-948,14,18,22,31,47,15
7/25/2014,game-949,22,29,33,41,68,12
7/29/2014,game-950,2,8,16,43,74,1
8/1/2014,game-951,13,29,34,37,72,6
8/5/2014,game-952,25,28,36,45,53,6
8/8/2014,game-953,9,16,61,70,75,7
8/12/2014,game-954,32,53,60,63,68,6
8/15/2014,game-955,16,19,28,29,68,9
8/19/2014,game-956,22,39,56,67,71,15
8/22/2014,game-957,5,31,34,41,74,3
8/26/2014,game-958,29,31,51,60,64,1
8/29/2014,game-959,3,26,45,58,73,12
9/2/2014,game-960,1,8,54,69,72,1
9/5/2014,game-961,7,12,20,24,59,7
9/9/2014,game-962,25,34,55,70,71,1
9/12/2014,game-963,18,28,33,36,42,7
9/16/2014,game-964,25,45,51,53,73,2
9/19/2014,game-965,16,25,27,29,34,2
9/23/2014,game-966,21,24,25,40,43,12
9/26/2014,game-967,17,26,35,46,62,9
9/30/2014,game-968,3,16,52,54,61,6
10/3/2014,game-969,3,20,34,58,67,6
10/7/2014,game-970,16,29,46,48,55,2
10/10/2014,game-971,2,32,35,50,59,3
10/14/2014,game-972,11,37,46,64,68,15
10/17/2014,game-973,21,31,43,56,60,12
10/21/2014,game-974,5,35,37,41,66,11
10/24/2014,game-975,2,14,21,28,55,3
10/28/2014,game-976,3,50,57,58,60,11
10/31/2014,game-977,11,29,36,58,67,15
11/4/2014,game-978,9,15,24,39,41,1
11/7/2014,game-979,31,35,41,65,66,5
11/11/2014,game-980,23,25,28,30,75,11
11/14/2014,game-981,3,49,61,62,68,15
11/18/2014,game-982,37,39,53,68,75,6
11/21/2014,game-983,3,12,35,37,63,15
11/25/2014,game-984,10,11,29,47,56,4
11/28/2014,game-985,8,26,29,36,47,10
12/2/2014,game-986,13,18,22,49,62,11
12/5/2014,game-987,4,5,11,51,59,5
12/9/2014,game-988,27,45,49,51,52,14
12/12/2014,game-989,2,31,46,58,65,7
12/16/2014,game-990,41,58,68,72,73,1
12/19/2014,game-991,14,18,58,59,68,4
12/23/2014,game-992,4,10,31,56,66,7
12/26/2014,game-993,2,5,10,20,38,14
12/30/2014,game-994,3,7,44,63,67,12
1/2/2015,game-995,13,15,35,62,74,12
1/6/2015,game-996,12,20,27,38,75,4
1/9/2015,game-997,37,49,50,56,57,8
1/13/2015,game-998,12,20,25,50,51,7
1/16/2015,game-999,26,32,44,45,58,11
1/20/2015,game-1000,31,35,56,59,63,6
1/23/2015,game-1001,14,15,32,68,72,8
1/27/2015,game-1002,5,26,27,44,57,7
1/30/2015,game-1003,18,31,39,45,55,6
2/3/2015,game-1004,11,22,25,58,69,13
2/6/2015,game-1005,5,6,17,33,68,13
2/10/2015,game-1006,7,42,53,58,71,15
2/13/2015,game-1007,4,20,44,65,74,14
2/17/2015,game-1008,6,45,50,65,66,1
2/20/2015,game-1009,2,6,8,52,66,13
2/24/2015,game-1010,15,23,26,45,66,4
2/27/2015,game-1011,7,49,53,60,64,4
3/3/2015,game-1012,9,11,42,44,50,3
3/6/2015,game-1013,30,48,55,68,73,5
3/10/2015,game-1014,10,14,19,30,73,14
3/13/2015,game-1015,8,22,30,42,45,3
3/17/2015,game-1016,11,27,44,45,58,3
3/20/2015,game-1017,7,50,54,61,75,7
3/24/2015,game-1018,2,23,32,45,55,12
3/27/2015,game-1019,17,21,36,58,70,3
3/31/2015,game-1020,8,26,41,61,73,11
4/3/2015,game-1021,10,36,47,63,74,2
4/7/2015,game-1022,5,15,22,26,64,6
4/10/2015,game-1023,6,11,32,46,68,9
4/14/2015,game-1024,3,7,25,68,71,3
4/17/2015,game-1025,15,18,29,41,50,5
4/21/2015,game-1026,31,33,35,41,69,11
4/24/2015,game-1027,24,25,29,47,67,4
4/28/2015,game-1028,22,27,55,58,63,11
5/1/2015,game-1029,17,18,61,66,74,3
5/5/2015,game-1030,11,21,42,62,71,7
5/8/2015,game-1031,9,21,25,66,72,7
5/12/2015,game-1032,14,30,33,36,44,2
5/15/2015,game-1033,11,17,21,36,74,15
5/19/2015,game-1034,10,12,21,29,65,10
5/22/2015,game-1035,3,14,15,25,48,8
5/26/2015,game-1036,1,39,52,69,72,12
5/29/2015,game-1037,20,27,38,49,66,2
6/2/2015,game-1038,2,9,11,22,23,12
6/5/2015,game-1039,7,22,27,41,49,10
6/9/2015,game-1040,6,16,17,25,36,7
6/12/2015,game-1041,1,40,42,56,62,2
6/16/2015,game-1042,8,19,26,56,67,14
6/19/2015,game-1043,4,35,36,52,68,8
6/23/2015,game-1044,6,13,38,56,70,2
6/26/2015,game-1045,12,23,33,47,50,3
6/30/2015,game-1046,11,17,34,43,50,15
7/3/2015,game-1047,33,50,64,71,72,9
7/7/2015,game-1048,6,15,16,28,49,14
7/10/2015,game-1049,24,27,45,51,54,8
7/14/2015,game-1050,19,24,30,35,72,5
7/17/2015,game-1051,6,17,30,31,41,15
7/21/2015,game-1052,20,30,62,65,74,1
7/24/2015,game-1053,10,12,26,60,62,13
7/28/2015,game-1054,8,35,61,68,75,15
7/31/2015,game-1055,28,32,33,40,46,10
8/4/2015,game-1056,2,19,44,51,57,14
8/7/2015,game-1057,1,38,53,63,66,10
8/11/2015,game-1058,3,8,29,57,68,8
8/14/2015,game-1059,12,15,20,52,71,3
8/18/2015,game-1060,2,7,33,39,53,9
8/21/2015,game-1061,13,15,21,41,72,1
8/25/2015,game-1062,5,44,54,59,63,1
8/28/2015,game-1063,13,35,40,60,68,9
9/1/2015,game-1064,2,5,35,40,54,13
9/4/2015,game-1065,17,21,39,52,57,5
9/8/2015,game-1066,19,20,36,41,46,7
9/11/2015,game-1067,5,11,31,50,67,14
9/15/2015,game-1068,7,20,35,49,56,9
9/18/2015,game-1069,17,34,35,51,65,7
9/22/2015,game-1070,28,30,38,45,51,8
9/25/2015,game-1071,3,8,38,51,64,4
9/29/2015,game-1072,8,21,30,61,62,9
10/2/2015,game-1073,4,14,29,31,47,9
10/6/2015,game-1074,17,58,63,64,66,13
10/9/2015,game-1075,8,9,21,63,75,14
10/13/2015,game-1076,7,9,24,38,52,1
10/16/2015,game-1077,2,38,48,61,68,4
10/20/2015,game-1078,6,25,35,38,52,4
10/23/2015,game-1079,25,32,37,45,70,1
10/27/2015,game-1080,9,26,27,29,74,4
10/30/2015,game-1081,17,41,51,53,56,15
11/3/2015,game-1082,16,29,44,69,74,12
11/6/2015,game-1083,10,31,35,50,72,8
11/10/2015,game-1084,8,17,20,45,71,4
11/13/2015,game-1085,17,18,31,35,59,9
11/17/2015,game-1086,12,14,18,24,61,10
11/20/2015,game-1087,9,12,29,37,67,15
11/24/2015,game-1088,2,19,30,38,70,8
11/27/2015,game-1089,16,20,39,56,59,12
12/1/2015,game-1090,5,7,25,50,59,12
12/4/2015,game-1091,26,42,47,61,73,6
12/8/2015,game-1092,7,17,37,49,73,15
12/11/2015,game-1093,14,20,43,54,69,5
12/15/2015,game-1094,18,25,47,51,61,5
12/18/2015,game-1095,6,23,24,28,62,7
12/22/2015,game-1096,11,21,40,50,70,15
12/25/2015,game-1097,15,25,29,44,51,4
12/29/2015,game-1098,20,25,55,62,74,7
1/1/2016,game-1099,7,18,37,38,39,9
1/5/2016,game-1100,1,4,36,48,57,13
1/8/2016,game-1101,11,39,51,57,75,2
1/12/2016,game-1102,15,27,29,31,48,15
1/15/2016,game-1103,29,41,53,54,70,12
1/19/2016,game-1104,2,17,31,39,47,9
1/22/2016,game-1105,21,25,40,46,56,3
1/26/2016,game-1106,14,27,39,50,69,2
1/29/2016,game-1107,20,28,49,51,52,6
2/2/2016,game-1108,7,13,25,51,70,9
2/5/2016,game-1109,4,6,23,55,75,2
2/9/2016,game-1110,3,42,46,56,71,13
2/12/2016,game-1111,1,7,44,68,73,1
2/16/2016,game-1112,9,31,33,46,64,4
2/19/2016,game-1113,2,27,41,50,75,4
2/23/2016,game-1114,16,32,39,53,57,10
2/26/2016,game-1115,3,15,19,62,74,14
3/1/2016,game-1116,1,29,33,34,55,6
3/4/2016,game-1117,21,26,33,48,73,14
3/8/2016,game-1118,27,37,54,66,69,5
3/11/2016,game-1119,14,18,48,54,71,13
3/15/2016,game-1120,18,26,30,44,68,7
3/18/2016,game-1121,5,8,57,59,73,13
3/22/2016,game-1122,6,19,34,38,70,5
3/25/2016,game-1123,4,11,12,35,46,12
3/29/2016,game-1124,33,38,40,46,49,15
4/1/2016,game-1125,25,28,33,41,69,6
4/5/2016,game-1126,13,45,52,53,57,10
4/8/2016,game-1127,31,38,52,65,71,15
4/12/2016,game-1128,7,11,59,62,63,3
4/15/2016,game-1129,9,10,34,37,73,9
4/19/2016,game-1130,9,28,40,57,65,2
4/22/2016,game-1131,2,19,21,42,60,13
4/26/2016,game-1132,14,16,17,28,48,2
4/29/2016,game-1133,5,6,37,55,74,10
5/3/2016,game-1134,28,29,33,36,45,15
5/6/2016,game-1135,14,26,27,32,36,7
5/10/2016,game-1136,12,22,46,56,74,4
5/13/2016,game-1137,20,21,38,54,66,7
5/17/2016,game-1138,17,24,27,48,75,6
5/20/2016,game-1139,19,24,26,40,68,8
5/24/2016,game-1140,11,50,51,70,75,15
5/27/2016,game-1141,18,41,50,68,70,9
5/31/2016,game-1142,9,31,34,41,49,8
6/3/2016,game-1143,32,54,65,66,71,10
6/7/2016,game-1144,25,48,51,65,72,4
6/10/2016,game-1145,34,61,66,67,68,7
6/14/2016,game-1146,36,37,38,52,62,6
6/17/2016,game-1147,20,23,30,44,59,9
6/21/2016,game-1148,6,13,21,49,50,10
6/24/2016,game-1149,11,14,54,57,63,11
6/28/2016,game-1150,15,17,20,35,55,7
7/1/2016,game-1151,20,41,42,45,49,14
7/5/2016,game-1152,29,46,53,64,73,10
7/8/2016,game-1153,8,19,20,55,73,5
7/12/2016,game-1154,6,8,22,46,68,4
7/15/2016,game-1155,16,51,52,56,58,4
7/19/2016,game-1156,3,34,54,65,66,4
7/22/2016,game-1157,8,24,25,26,30,7
7/26/2016,game-1158,1,4,31,36,54,9
7/29/2016,game-1159,11,16,19,31,48,4
8/2/2016,game-1160,3,12,36,54,70,12
8/5/2016,game-1161,5,18,28,54,74,6
8/9/2016,game-1162,12,19,20,44,66,1
8/12/2016,game-1163,4,41,44,56,69,10
8/16/2016,game-1164,2,43,52,62,63,6
8/19/2016,game-1165,22,37,45,65,73,13
8/23/2016,game-1166,2,7,46,61,66,1
8/26/2016,game-1167,10,11,31,41,44,14
8/30/2016,game-1168,28,32,41,51,71,11
9/2/2016,game-1169,22,28,41,46,60,3
9/6/2016,game-1170,25,37,58,69,75,8
9/9/2016,game-1171,1,34,43,44,63,11
9/13/2016,game-1172,6,15,17,39,56,15
9/16/2016,game-1173,13,21,28,34,40,15
9/20/2016,game-1174,2,22,34,62,72,2
9/23/2016,game-1175,1,5,8,25,62,14
9/27/2016,game-1176,14,16,26,53,72,4
9/30/2016,game-1177,21,30,47,50,57,9
10/4/2016,game-1178,18,29,30,54,66,1
10/7/2016,game-1179,24,37,42,50,65,14
10/11/2016,game-1180,36,39,42,45,48,3
10/14/2016,game-1181,7,27,60,64,74,5
10/18/2016,game-1182,7,24,28,65,74,1
10/21/2016,game-1183,12,43,44,48,66,3
10/25/2016,game-1184,8,9,24,49,67,13
10/28/2016,game-1185,7,38,46,57,66,2
11/1/2016,game-1186,19,24,31,39,45,13
11/4/2016,game-1187,10,29,32,44,46,10
11/8/2016,game-1188,46,48,53,61,74,12
11/11/2016,game-1189,16,40,47,53,59,11
11/15/2016,game-1190,9,17,23,57,71,6
11/18/2016,game-1191,31,32,49,55,58,15
11/22/2016,game-1192,1,43,45,66,69,7
11/25/2016,game-1193,44,47,49,69,75,10
11/29/2016,game-1194,22,33,49,51,59,8
12/2/2016,game-1195,3,33,35,49,51,1
12/6/2016,game-1196,13,34,48,53,63,12
12/9/2016,game-1197,19,27,47,67,68,1
12/13/2016,game-1198,2,15,26,34,41,14
12/16/2016,game-1199,1,8,15,36,43,6
12/20/2016,game-1200,1,12,14,48,65,2
12/23/2016,game-1201,21,30,39,60,69,15
12/27/2016,game-1202,2,28,30,38,39,11
12/30/2016,game-1203,6,21,33,39,43,2
1/3/2017,game-1204,14,16,23,49,53,12
1/6/2017,game-1205,6,10,44,47,54,6
1/10/2017,game-1206,11,20,40,41,59,15
1/13/2017,game-1207,10,44,58,74,75,11
1/17/2017,game-1208,20,31,54,56,59,3
1/20/2017,game-1209,7,9,24,41,53,14
1/24/2017,game-1210,8,42,54,63,67,11
1/27/2017,game-1211,17,37,53,54,61,8
1/31/2017,game-1212,3,14,27,62,72,4
2/3/2017,game-1213,3,6,29,30,64,3
2/7/2017,game-1214,23,28,37,56,71,12
2/10/2017,game-1215,32,39,51,62,75,14
2/14/2017,game-1216,7,11,33,60,68,15
2/17/2017,game-1217,4,56,58,67,75,8
2/21/2017,game-1218,9,21,30,32,75,9
2/24/2017,game-1219,12,29,33,42,68,14
2/28/2017,game-1220,20,33,45,58,69,4
3/3/2017,game-1221,14,26,39,48,51,9
3/7/2017,game-1222,3,30,45,53,68,11
3/10/2017,game-1223,26,38,42,58,70,5
3/14/2017,game-1224,16,23,28,33,59,13
3/17/2017,game-1225,11,27,31,58,60,10
3/21/2017,game-1226,4,45,53,73,75,7
3/24/2017,game-1227,5,28,37,61,69,1
3/28/2017,game-1228,30,33,35,37,46,10
3/31/2017,game-1229,17,24,27,32,58,10
4/4/2017,game-1230,13,24,34,35,55,9
4/7/2017,game-1231,30,33,43,47,69,15
4/11/2017,game-1232,19,34,35,38,49,8
4/14/2017,game-1233,5,10,55,60,73,12
4/18/2017,game-1234,8,29,30,43,64,6
4/21/2017,game-1235,1,12,13,32,34,10
4/25/2017,game-1236,3,13,33,40,50,2
4/28/2017,game-1237,6,13,18,20,31,13
5/2/2017,game-1238,5,14,42,43,58,1
5/5/2017,game-1239,4,23,33,47,53,7
5/9/2017,game-1240,6,29,45,69,73,11
5/12/2017,game-1241,28,34,41,42,47,13
5/16/2017,game-1242,4,35,39,56,72,11
5/19/2017,game-1243,1,4,5,24,30,1
5/23/2017,game-1244,6,13,17,33,60,14
5/26/2017,game-1245,25,26,28,37,56,5
5/30/2017,game-1246,5,20,32,37,67,5
6/2/2017,game-1247,7,42,57,69,72,10
6/6/2017,game-1248,3,5,16,49,75,5
6/9/2017,game-1249,3,16,28,33,37,9
6/13/2017,game-1250,27,51,62,68,75,8
6/16/2017,game-1251,18,22,26,30,44,9
6/20/2017,game-1252,2,15,41,49,63,3
6/23/2017,game-1253,12,20,53,66,74,11
6/27/2017,game-1254,4,21,45,52,57,14
6/30/2017,game-1255,10,38,51,55,64,6
7/4/2017,game-1256,16,39,47,53,71,15
7/7/2017,game-1257,2,9,11,28,60,10
7/11/2017,game-1258,7,18,24,55,74,10
7/14/2017,game-1259,11,12,24,32,73,1
7/18/2017,game-1260,8,12,23,51,73,6
7/21/2017,game-1261,18,31,36,50,74,10
7/25/2017,game-1262,2,5,26,58,60,6
7/28/2017,game-1263,4,6,31,49,52,11
8/1/2017,game-1264,20,22,52,57,73,7
8/4/2017,game-1265,9,17,25,63,71,4
8/8/2017,game-1266,11,17,50,52,74,14
8/11/2017,game-1267,23,33,53,56,58,6
8/15/2017,game-1268,7,16,20,66,73,7
8/18/2017,game-1269,1,31,34,40,75,6
8/22/2017,game-1270,24,35,46,50,51,7
8/25/2017,game-1271,17,38,42,51,65,11
8/29/2017,game-1272,2,13,17,35,73,3
9/1/2017,game-1273,4,13,31,50,64,12
9/5/2017,game-1274,11,17,59,70,72,1
9/8/2017,game-1275,4,5,14,26,73,14
9/12/2017,game-1276,26,37,41,54,65,3
9/15/2017,game-1277,18,24,34,38,58,3
9/19/2017,game-1278,9,28,31,50,61,10
9/22/2017,game-1279,5,39,54,63,66,15
9/26/2017,game-1280,1,10,57,66,75,4
9/29/2017,game-1281,25,51,62,73,74,7
10/3/2017,game-1282,12,18,19,25,67,7
10/6/2017,game-1283,21,33,36,45,56,12
10/10/2017,game-1284,7,16,24,61,62,2
10/13/2017,game-1285,2,7,18,26,31,12
10/17/2017,game-1286,31,45,49,56,70,11
10/20/2017,game-1287,6,23,63,66,73,9
10/24/2017,game-1288,20,24,34,56,64,6
10/27/2017,game-1289,17,27,41,51,52,13
10/31/2017,game-1290,6,28,31,52,53,12
11/3/2017,game-1291,10,22,42,61,69,3
11/7/2017,game-1292,1,54,60,68,69,11
11/10/2017,game-1293,6,23,38,42,58,24
11/14/2017,game-1294,1,14,21,22,28,19
11/17/2017,game-1295,3,26,55,58,70,15
11/21/2017,game-1296,3,7,22,27,50,3
11/24/2017,game-1297,16,36,54,61,64,22
11/28/2017,game-1298,10,17,47,51,61,5
12/1/2017,game-1299,16,22,40,41,59,8
12/5/2017,game-1300,14,15,37,42,67,22
12/8/2017,game-1301,6,37,46,60,70,24
12/12/2017,game-1302,8,23,24,25,27,9
12/15/2017,game-1303,4,12,36,44,57,19
12/19/2017,game-1304,28,37,39,42,58,2
12/22/2017,game-1305,1,20,30,33,42,16
12/26/2017,game-1306,10,12,20,38,41,25
12/29/2017,game-1307,4,10,18,28,62,7
1/2/2018,game-1308,1,42,47,64,70,22
1/5/2018,game-1309,28,30,39,59,70,10
1/9/2018,game-1310,16,29,31,65,67,23
1/12/2018,game-1311,17,18,33,46,60,24
1/16/2018,game-1312,3,11,23,29,59,18
1/19/2018,game-1313,3,17,23,49,66,23
1/23/2018,game-1314,2,6,30,31,55,7
1/26/2018,game-1315,10,16,27,38,43,1
1/30/2018,game-1316,29,41,42,49,57,24
2/2/2018,game-1317,1,4,14,17,40,4
2/6/2018,game-1318,14,17,25,48,58,25
2/9/2018,game-1319,28,34,41,46,47,14
2/13/2018,game-1320,5,12,15,46,49,1
2/16/2018,game-1321,14,38,48,53,58,16
2/20/2018,game-1322,17,19,23,24,43,14
