6/7/2000,game-1375,2,4,11,15,28,16
6/10/2000,game-1376,8,13,14,23,30,6
6/14/2000,game-1377,5,13,24,35,45,10
6/17/2000,game-1378,10,12,18,30,36,6
6/21/2000,game-1379,1,2,5,23,45,11
6/24/2000,game-1380,1,4,37,45,46,16
6/28/2000,game-1381,6,12,26,36,38,27
7/1/2000,game-1382,17,25,36,38,40,15
7/5/2000,game-1383,1,3,26,40,44,26
7/8/2000,game-1384,8,23,38,40,41,23
7/12/2000,game-1385,8,11,19,26,28,16
7/15/2000,game-1386,23,30,34,43,46,13
7/19/2000,game-1387,13,23,26,39,41,14
7/22/2000,game-1388,24,27,28,42,46,18
7/26/2000,game-1389,4,12,16,27,41,1
7/29/2000,game-1390,12,13,35,44,47,17
8/2/2000,game-1391,6,9,31,39,44,24
8/5/2000,game-1392,14,19,33,41,44,9
8/9/2000,game-1393,5,16,20,21,44,17
8/12/2000,game-1394,6,8,9,14,47,20
8/16/2000,game-1395,2,16,22,31,34,10
8/19/2000,game-1396,11,17,34,36,47,1
8/23/2000,game-1397,16,32,38,43,46,8
8/26/2000,game-1398,6,7,10,20,42,13
8/30/2000,game-1399,2,6,10,27,32,9
9/2/2000,game-1400,5,7,10,12,19,15
9/6/2000,game-1401,4,30,36,43,45,15
9/9/2000,game-1402,4,6,11,29,32,11
9/13/2000,game-1403,26,35,37,39,45,6
9/16/2000,game-1404,9,13,16,22,35,23
9/20/2000,game-1405,2,6,25,30,46,18
9/23/2000,game-1406,14,15,39,46,47,21
9/27/2000,game-1407,1,5,6,9,33,22
9/30/2000,game-1408,2,5,14,15,34,2
10/4/2000,game-1409,4,6,7,15,36,7
10/7/2000,game-1410,8,14,28,31,33,7
10/11/2000,game-1411,5,7,16,19,29,26
10/14/2000,game-1412,3,10,20,28,37,20
10/18/2000,game-1413,2,4,24,30,38,24
10/21/2000,game-1414,2,14,15,36,45,8
10/25/2000,game-1415,1,14,21,33,46,9
10/28/2000,game-1416,3,16,26,27,32,24
11/1/2000,game-1417,3,20,27,34,47,15
11/4/2000,game-1418,7,15,17,30,44,13
11/8/2000,game-1419,5,24,34,35,47,22
11/11/2000,game-1420,9,24,25,29,40,4
11/15/2000,game-1421,6,9,15,24,32,9
11/18/2000,game-1422,8,16,17,39,40,18
11/22/2000,game-1423,7,12,24,26,34,23
11/25/2000,game-1424,5,7,14,19,25,4
11/29/2000,game-1425,31,34,36,37,47,26
12/2/2000,game-1426,3,21,32,36,44,4
12/6/2000,game-1427,2,19,24,26,43,11
12/9/2000,game-1428,11,22,36,42,46,4
12/13/2000,game-1429,12,15,16,29,39,23
12/16/2000,game-1430,21,38,42,44,46,24
12/20/2000,game-1431,6,9,10,11,26,22
12/23/2000,game-1432,5,30,38,41,46,15
12/27/2000,game-1433,6,11,13,18,27,19
12/30/2000,game-1434,26,27,32,44,45,27
1/3/2001,game-1435,2,7,28,30,38,6
1/6/2001,game-1436,3,4,29,30,35,13
1/10/2001,game-1437,3,14,15,19,45,19
1/13/2001,game-1438,2,12,15,24,43,9
1/17/2001,game-1439,9,14,22,25,38,25
1/20/2001,game-1440,16,23,27,28,39,19
1/24/2001,game-1441,3,5,15,32,42,4
1/27/2001,game-1442,1,3,25,30,35,24
1/31/2001,game-1443,8,23,25,26,35,13
2/3/2001,game-1444,11,12,16,29,38,4
2/7/2001,game-1445,19,30,34,41,44,9
2/10/2001,game-1446,6,17,24,36,41,1
2/14/2001,game-1447,4,36,37,42,43,1
2/17/2001,game-1448,3,16,20,25,45,19
2/21/2001,game-1449,20,23,31,33,46,25
2/24/2001,game-1450,3,8,23,29,44,1
2/28/2001,game-1451,1,3,5,41,46,9
3/3/2001,game-1452,1,8,19,33,34,23
3/7/2001,game-1453,8,17,29,32,45,11
3/10/2001,game-1454,12,24,25,28,30,16
3/14/2001,game-1455,9,11,12,20,22,23
3/17/2001,game-1456,1,6,15,20,30,17
3/21/2001,game-1457,3,10,13,33,35,18
3/24/2001,game-1458,1,4,19,43,46,15
3/28/2001,game-1459,4,6,19,20,40,10
3/31/2001,game-1460,16,22,30,37,47,22
4/4/2001,game-1461,13,24,25,33,43,16
4/7/2001,game-1462,2,4,25,39,42,4
4/11/2001,game-1463,5,7,28,30,31,8
4/14/2001,game-1464,11,12,15,19,29,25
4/18/2001,game-1465,2,12,14,35,37,13
4/21/2001,game-1466,1,7,12,25,33,3
4/25/2001,game-1467,1,14,19,21,43,8
4/28/2001,game-1468,8,14,27,32,40,23
5/2/2001,game-1469,6,10,23,30,33,13
5/5/2001,game-1470,5,12,13,36,47,9
5/9/2001,game-1471,4,14,17,30,34,23
5/12/2001,game-1472,10,14,34,43,44,14
5/16/2001,game-1473,1,3,6,9,19,14
5/19/2001,game-1474,23,28,34,36,45,9
5/23/2001,game-1475,7,12,32,39,43,8
5/26/2001,game-1476,3,10,18,22,30,26
5/30/2001,game-1477,12,13,22,32,38,21
6/2/2001,game-1478,7,19,31,44,45,9
6/6/2001,game-1479,2,13,16,41,45,20
6/9/2001,game-1480,1,6,18,33,36,2
6/13/2001,game-1481,9,13,26,32,47,6
6/16/2001,game-1482,2,5,19,29,42,17
6/20/2001,game-1483,2,8,31,32,46,13
6/23/2001,game-1484,3,22,43,44,45,8
6/27/2001,game-1485,1,5,15,37,45,16
6/30/2001,game-1486,11,21,30,41,46,16
7/4/2001,game-1487,6,16,32,33,47,1
7/7/2001,game-1488,9,18,36,38,47,14
7/11/2001,game-1489,1,8,35,39,44,16
7/14/2001,game-1490,5,19,31,35,44,12
7/18/2001,game-1491,5,26,32,33,37,5
7/21/2001,game-1492,15,20,24,27,43,20
7/25/2001,game-1493,6,32,34,39,46,18
7/28/2001,game-1494,5,13,34,36,46,2
8/1/2001,game-1495,12,22,29,37,43,7
8/4/2001,game-1496,2,9,12,30,44,18
8/8/2001,game-1497,3,5,16,19,39,14
8/11/2001,game-1498,14,16,20,41,45,24
8/15/2001,game-1499,1,18,20,45,46,5
8/18/2001,game-1500,24,26,29,35,38,23
8/22/2001,game-1501,26,28,34,37,43,23
8/25/2001,game-1502,3,4,20,40,45,26
8/29/2001,game-1503,5,16,22,26,33,22
9/1/2001,game-1504,16,21,34,41,47,17
9/5/2001,game-1505,26,27,31,43,45,3
9/8/2001,game-1506,10,11,33,39,40,25
9/12/2001,game-1507,3,9,13,24,30,12
9/15/2001,game-1508,1,4,37,38,41,15
9/19/2001,game-1509,2,14,24,44,46,10
9/22/2001,game-1510,4,16,28,35,41,17
9/26/2001,game-1511,3,14,24,26,47,6
9/29/2001,game-1512,5,9,27,38,46,8
10/3/2001,game-1513,4,38,39,40,44,17
10/6/2001,game-1514,4,16,26,32,35,2
10/10/2001,game-1515,8,11,29,43,44,10
10/13/2001,game-1516,15,18,28,36,43,6
10/17/2001,game-1517,5,8,11,21,40,17
10/20/2001,game-1518,15,29,30,46,47,24
10/24/2001,game-1519,23,32,38,41,42,27
10/27/2001,game-1520,9,10,27,28,41,14
10/31/2001,game-1521,14,28,29,31,42,3
11/3/2001,game-1522,24,32,33,36,45,18
11/7/2001,game-1523,9,32,34,43,46,22
11/10/2001,game-1524,14,19,34,37,42,26
11/14/2001,game-1525,4,14,30,38,40,19
11/17/2001,game-1526,4,14,29,31,46,1
11/21/2001,game-1527,14,15,28,39,47,22
11/24/2001,game-1528,23,24,30,36,37,20
11/28/2001,game-1529,2,18,36,43,45,16
12/1/2001,game-1530,10,16,20,43,45,20
12/5/2001,game-1531,19,20,26,34,46,22
12/8/2001,game-1532,3,10,29,30,37,20
12/12/2001,game-1533,3,15,24,30,46,8
12/15/2001,game-1534,4,25,29,36,44,18
12/19/2001,game-1535,10,16,24,32,37,22
12/22/2001,game-1536,3,9,18,26,33,9
12/26/2001,game-1537,3,9,15,26,39,6
12/29/2001,game-1538,10,12,20,28,42,1
1/2/2002,game-1539,3,4,12,17,39,3
1/5/2002,game-1540,23,28,29,38,39,11
1/9/2002,game-1541,7,10,28,29,30,21
1/12/2002,game-1542,20,24,27,28,47,15
1/16/2002,game-1543,16,19,20,28,46,24
1/19/2002,game-1544,1,7,24,44,45,23
1/23/2002,game-1545,1,14,23,24,43,3
1/26/2002,game-1546,1,21,29,35,47,16
1/30/2002,game-1547,1,21,30,33,45,21
2/2/2002,game-1548,13,17,20,41,46,2
2/6/2002,game-1549,3,32,36,42,46,24
2/9/2002,game-1550,8,22,28,37,43,6
2/13/2002,game-1551,1,4,19,28,46,4
2/16/2002,game-1552,6,11,31,32,39,20
2/20/2002,game-1553,11,17,40,46,47,25
2/23/2002,game-1554,6,27,38,39,41,27
2/27/2002,game-1555,13,26,29,37,42,7
3/2/2002,game-1556,13,28,34,43,44,11
3/6/2002,game-1557,2,3,10,27,46,16
3/9/2002,game-1558,22,24,25,26,46,19
3/13/2002,game-1559,1,10,28,30,34,10
3/16/2002,game-1560,2,8,25,42,46,8
3/20/2002,game-1561,11,14,32,33,45,9
3/23/2002,game-1562,5,12,33,41,46,27
3/27/2002,game-1563,8,12,13,30,44,8
3/30/2002,game-1564,18,28,33,39,42,12
4/3/2002,game-1565,5,14,20,25,36,1
4/6/2002,game-1566,17,24,34,38,43,21
4/10/2002,game-1567,9,12,17,24,45,17
4/13/2002,game-1568,8,13,17,19,37,25
4/17/2002,game-1569,4,8,11,13,44,9
4/20/2002,game-1570,3,10,24,29,30,22
4/24/2002,game-1571,1,15,27,28,30,16
4/27/2002,game-1572,5,14,32,40,43,11
5/1/2002,game-1573,39,40,45,46,47,11
5/4/2002,game-1574,9,10,25,26,40,8
5/8/2002,game-1575,5,21,24,33,45,22
5/11/2002,game-1576,4,14,28,40,45,24
5/15/2002,game-1577,2,7,21,30,35,22
5/18/2002,game-1578,1,2,4,16,34,10
5/22/2002,game-1579,7,9,17,35,47,9
5/25/2002,game-1580,1,5,9,30,39,11
5/29/2002,game-1581,1,4,15,30,34,23
6/1/2002,game-1582,7,23,25,33,35,15
6/5/2002,game-1583,4,6,23,44,45,1
6/8/2002,game-1584,26,38,40,41,42,11
6/12/2002,game-1585,2,7,33,35,40,4
6/15/2002,game-1586,2,11,14,33,35,15
6/19/2002,game-1587,8,10,14,17,46,8
6/22/2002,game-1588,7,25,27,40,45,14
6/26/2002,game-1589,4,8,16,26,33,21
6/29/2002,game-1590,4,5,18,23,36,13
7/3/2002,game-1591,7,14,15,26,36,13
7/6/2002,game-1592,8,10,16,21,27,16
7/10/2002,game-1593,5,11,27,28,39,20
7/13/2002,game-1594,3,13,17,27,39,20
7/17/2002,game-1595,16,24,26,30,44,10
7/20/2002,game-1596,15,18,27,31,34,21
7/24/2002,game-1597,2,18,32,44,45,3
7/27/2002,game-1598,3,11,20,42,45,3
7/31/2002,game-1599,2,4,31,32,46,21
8/3/2002,game-1600,11,20,23,35,37,26
8/7/2002,game-1601,5,16,25,34,44,3
8/10/2002,game-1602,10,29,32,41,43,11
8/14/2002,game-1603,6,12,18,24,25,5
8/17/2002,game-1604,1,3,4,11,19,1
8/21/2002,game-1605,6,10,19,38,43,21
8/24/2002,game-1606,6,9,17,27,35,24
8/28/2002,game-1607,12,15,16,24,46,12
8/31/2002,game-1608,5,6,8,18,24,7
9/4/2002,game-1609,13,14,32,34,47,13
9/7/2002,game-1610,9,15,16,36,46,16
9/11/2002,game-1611,3,5,20,29,41,26
9/14/2002,game-1612,16,20,30,43,46,22
9/18/2002,game-1613,10,18,23,27,41,22
9/21/2002,game-1614,8,32,37,38,43,25
9/25/2002,game-1615,13,17,22,24,42,19
9/28/2002,game-1616,6,21,34,35,40,7
10/2/2002,game-1617,4,16,19,27,36,7
10/5/2002,game-1618,4,12,14,28,42,7
10/9/2002,game-1619,5,18,21,33,39,11
10/12/2002,game-1620,2,3,14,18,24,23
10/16/2002,game-1621,8,11,15,25,37,27
10/19/2002,game-1622,7,8,20,22,29,10
10/23/2002,game-1623,17,22,24,25,38,18
10/26/2002,game-1624,9,13,38,42,47,26
10/30/2002,game-1625,3,11,25,35,38,18
11/2/2002,game-1626,6,9,32,43,44,23
11/6/2002,game-1627,2,5,17,22,43,10
11/9/2002,game-1628,2,13,21,22,28,9
11/13/2002,game-1629,2,11,27,36,43,9
11/16/2002,game-1630,1,8,16,29,47,27
11/20/2002,game-1631,7,10,21,41,47,4
11/23/2002,game-1632,6,8,13,27,45,14
11/27/2002,game-1633,5,8,13,20,46,3
11/30/2002,game-1634,9,25,28,39,47,1
12/4/2002,game-1635,8,24,29,36,41,13
12/7/2002,game-1636,8,19,32,39,45,8
12/11/2002,game-1637,3,17,29,32,35,14
12/14/2002,game-1638,9,22,24,30,47,13
12/18/2002,game-1639,9,18,31,39,43,20
12/21/2002,game-1640,21,29,32,33,38,2
12/25/2002,game-1641,11,22,30,41,45,1
12/28/2002,game-1642,7,9,16,24,36,5
1/1/2003,game-1643,13,15,20,32,33,10
1/4/2003,game-1644,9,23,28,41,47,7
1/8/2003,game-1645,14,16,21,38,41,14
1/11/2003,game-1646,6,21,22,40,45,10
1/15/2003,game-1647,8,17,29,35,44,1
1/18/2003,game-1648,8,18,19,24,32,20
1/22/2003,game-1649,7,9,18,23,45,12
1/25/2003,game-1650,2,4,5,20,47,26
1/29/2003,game-1651,4,6,21,36,46,11
2/1/2003,game-1652,23,28,32,41,47,26
2/5/2003,game-1653,5,14,26,30,33,5
2/8/2003,game-1654,6,10,37,38,42,4
2/12/2003,game-1655,12,26,27,38,43,18
2/15/2003,game-1656,14,15,20,35,44,26
2/19/2003,game-1657,1,5,9,29,38,25
2/22/2003,game-1658,15,24,26,32,37,18
2/26/2003,game-1659,13,23,37,38,40,9
3/1/2003,game-1660,8,12,23,25,26,1
3/5/2003,game-1661,3,5,8,24,39,19
3/8/2003,game-1662,13,15,17,29,38,2
3/12/2003,game-1663,4,5,12,18,37,23
3/15/2003,game-1664,11,33,38,42,46,26
3/19/2003,game-1665,9,17,22,30,36,13
3/22/2003,game-1666,3,4,20,33,44,24
3/26/2003,game-1667,10,11,12,19,44,20
3/29/2003,game-1668,2,4,16,31,43,11
4/2/2003,game-1669,2,6,7,8,15,14
4/5/2003,game-1670,4,13,21,35,38,16
4/9/2003,game-1671,8,14,25,27,46,14
4/12/2003,game-1672,1,2,6,27,34,23
4/16/2003,game-1673,12,14,18,31,46,7
4/19/2003,game-1674,16,21,26,32,36,20
4/23/2003,game-1675,21,33,37,44,45,22
4/26/2003,game-1676,1,9,29,31,35,3
4/30/2003,game-1677,9,12,21,26,36,27
5/3/2003,game-1678,17,19,24,35,42,20
5/7/2003,game-1679,21,26,28,35,46,13
5/10/2003,game-1680,17,20,29,38,40,4
5/14/2003,game-1681,2,7,20,42,45,26
5/17/2003,game-1682,4,11,12,15,36,10
5/21/2003,game-1683,13,14,31,42,43,6
5/24/2003,game-1684,6,18,26,28,46,17
5/28/2003,game-1685,4,5,34,38,42,23
5/31/2003,game-1686,5,21,23,27,38,24
6/4/2003,game-1687,2,5,35,43,47,12
6/7/2003,game-1688,2,3,8,23,36,9
6/11/2003,game-1689,4,7,9,19,31,6
6/14/2003,game-1690,19,20,22,41,45,18
6/18/2003,game-1691,33,36,41,42,43,14
6/21/2003,game-1692,8,11,29,40,42,6
6/25/2003,game-1693,9,17,22,25,28,10
6/28/2003,game-1694,1,5,11,13,18,22
7/2/2003,game-1695,4,9,13,38,44,13
7/5/2003,game-1696,14,16,21,30,34,10
7/9/2003,game-1697,2,5,20,23,46,15
7/12/2003,game-1698,18,23,25,37,44,25
7/16/2003,game-1699,31,35,36,42,44,24
7/19/2003,game-1700,8,18,24,38,42,22
7/23/2003,game-1701,19,20,23,26,34,12
7/26/2003,game-1702,7,18,21,22,45,9
7/30/2003,game-1703,6,12,25,26,42,7
8/2/2003,game-1704,6,20,30,35,46,20
8/6/2003,game-1705,20,26,32,34,35,24
8/9/2003,game-1706,12,19,22,31,34,7
8/13/2003,game-1707,2,19,24,31,33,19
8/16/2003,game-1708,3,15,26,27,29,23
8/20/2003,game-1709,6,7,24,31,47,10
8/23/2003,game-1710,8,18,28,41,42,21
8/27/2003,game-1711,6,13,21,40,47,9
8/30/2003,game-1712,3,25,28,46,47,12
9/3/2003,game-1713,1,16,25,27,32,12
9/6/2003,game-1714,16,20,28,31,41,19
9/10/2003,game-1715,7,20,27,34,43,6
9/13/2003,game-1716,1,3,15,35,36,23
9/17/2003,game-1717,4,7,26,38,47,23
9/20/2003,game-1718,7,25,27,40,44,17
9/24/2003,game-1719,10,21,24,32,33,9
9/27/2003,game-1720,4,13,26,31,46,26
10/1/2003,game-1721,5,18,23,24,31,13
10/4/2003,game-1722,9,15,18,37,41,14
10/8/2003,game-1723,3,5,34,35,38,11
10/11/2003,game-1724,1,2,7,28,45,18
10/15/2003,game-1725,8,14,16,24,33,8
10/18/2003,game-1726,2,5,18,25,41,2
10/22/2003,game-1727,6,9,17,29,32,12
10/25/2003,game-1728,7,18,32,43,47,10
10/29/2003,game-1729,14,28,35,39,43,14
11/1/2003,game-1730,15,18,20,29,41,8
11/5/2003,game-1731,2,16,28,33,34,27
11/8/2003,game-1732,5,13,21,35,46,5
11/12/2003,game-1733,7,11,21,25,35,1
11/15/2003,game-1734,1,6,28,29,38,24
11/19/2003,game-1735,4,11,13,16,26,20
11/22/2003,game-1736,5,12,13,25,28,15
11/26/2003,game-1737,1,11,17,19,31,10
11/29/2003,game-1738,17,18,22,39,42,1
12/3/2003,game-1739,3,18,30,32,35,23
12/6/2003,game-1740,1,12,20,38,46,5
12/10/2003,game-1741,17,20,25,37,43,11
12/13/2003,game-1742,6,20,26,36,46,27
12/17/2003,game-1743,4,18,24,33,35,27
12/20/2003,game-1744,6,21,22,35,38,20
12/24/2003,game-1745,9,10,19,30,41,24
12/27/2003,game-1746,12,14,17,34,47,26
12/31/2003,game-1747,10,12,18,23,30,2
1/3/2004,game-1748,5,9,13,16,21,4
1/7/2004,game-1749,9,28,32,40,42,2
1/10/2004,game-1750,3,6,23,28,30,19
1/14/2004,game-1751,1,2,4,34,36,22
1/17/2004,game-1752,1,3,6,16,36,19
1/21/2004,game-1753,6,7,13,15,33,12
1/24/2004,game-1754,3,9,25,33,38,18
1/28/2004,game-1755,11,14,20,26,47,26
1/31/2004,game-1756,33,35,36,45,47,13
2/4/2004,game-1757,3,9,20,26,42,23
2/7/2004,game-1758,7,9,12,24,35,12
2/11/2004,game-1759,10,22,24,28,41,5
2/14/2004,game-1760,21,22,31,36,45,10
2/18/2004,game-1761,16,25,26,29,33,1
2/21/2004,game-1762,9,13,19,20,21,9
2/25/2004,game-1763,18,22,27,28,29,2
2/28/2004,game-1764,13,28,43,44,45,15
3/3/2004,game-1765,2,17,29,44,47,5
3/6/2004,game-1766,3,7,9,29,40,11
3/10/2004,game-1767,4,20,23,29,41,5
3/13/2004,game-1768,11,23,30,35,40,18
3/17/2004,game-1769,1,3,22,36,44,18
3/20/2004,game-1770,8,22,30,33,38,20
3/24/2004,game-1771,17,21,30,36,44,20
3/27/2004,game-1772,6,9,24,40,42,26
3/31/2004,game-1773,10,36,39,44,47,14
4/3/2004,game-1774,12,13,14,17,47,20
4/7/2004,game-1775,23,35,40,45,47,3
4/10/2004,game-1776,13,22,23,29,47,11
4/14/2004,game-1777,1,6,19,45,46,27
4/17/2004,game-1778,13,15,32,33,42,5
4/21/2004,game-1779,9,13,26,31,36,17
4/24/2004,game-1780,6,10,22,36,43,20
4/28/2004,game-1781,1,14,22,34,44,15
5/1/2004,game-1782,3,20,27,34,37,11
5/5/2004,game-1783,12,22,25,42,45,4
5/8/2004,game-1784,1,5,11,28,38,5
5/12/2004,game-1785,3,11,13,16,33,11
5/15/2004,game-1786,34,35,38,39,45,26
5/19/2004,game-1787,3,7,11,17,43,20
5/22/2004,game-1788,5,7,31,36,44,2
5/26/2004,game-1789,12,20,33,38,42,6
5/29/2004,game-1790,11,21,32,40,47,25
6/2/2004,game-1791,3,14,22,35,43,15
6/5/2004,game-1792,3,11,16,42,46,5
6/9/2004,game-1793,2,13,15,21,46,4
6/12/2004,game-1794,4,18,29,31,38,20
6/16/2004,game-1795,21,28,30,33,35,6
6/19/2004,game-1796,15,21,23,27,37,11
6/23/2004,game-1797,8,12,13,14,18,18
6/26/2004,game-1798,6,29,30,41,43,15
6/30/2004,game-1799,5,23,34,45,47,4
7/3/2004,game-1800,1,7,9,24,32,15
7/7/2004,game-1801,13,14,19,21,30,15
7/10/2004,game-1802,2,6,13,25,47,12
7/14/2004,game-1803,7,29,40,44,46,2
7/17/2004,game-1804,7,11,20,30,35,4
7/21/2004,game-1805,12,14,40,41,43,12
7/24/2004,game-1806,9,15,26,30,43,20
7/28/2004,game-1807,5,12,17,34,39,5
7/31/2004,game-1808,3,33,37,42,45,17
8/4/2004,game-1809,1,24,27,35,43,12
8/7/2004,game-1810,8,11,16,22,46,16
8/11/2004,game-1811,2,13,32,34,35,20
8/14/2004,game-1812,9,23,26,28,47,13
8/18/2004,game-1813,4,23,26,28,39,5
8/21/2004,game-1814,11,16,19,20,34,18
8/25/2004,game-1815,2,12,14,30,44,17
8/28/2004,game-1816,17,18,28,33,39,19
9/1/2004,game-1817,5,9,29,36,41,13
9/4/2004,game-1818,6,14,22,25,31,7
9/8/2004,game-1819,7,10,29,35,40,21
9/11/2004,game-1820,8,11,15,29,36,14
9/15/2004,game-1821,7,22,28,30,37,11
9/18/2004,game-1822,11,22,24,31,39,22
9/22/2004,game-1823,16,18,23,34,45,14
9/25/2004,game-1824,16,26,33,35,45,6
9/29/2004,game-1825,20,22,28,42,46,14
10/2/2004,game-1826,7,13,16,37,38,14
10/6/2004,game-1827,9,18,31,42,45,26
10/9/2004,game-1828,9,17,21,35,45,6
10/13/2004,game-1829,8,11,20,22,45,18
10/16/2004,game-1830,1,28,29,40,43,20
10/20/2004,game-1831,1,10,31,45,47,17
10/23/2004,game-1832,15,17,23,33,45,15
10/27/2004,game-1833,10,14,30,38,42,22
10/30/2004,game-1834,1,16,29,35,41,9
11/3/2004,game-1835,2,14,35,37,47,7
11/6/2004,game-1836,18,22,26,38,40,9
11/10/2004,game-1837,4,5,28,34,38,9
11/13/2004,game-1838,5,10,11,14,32,6
11/17/2004,game-1839,16,23,36,44,47,10
11/20/2004,game-1840,2,8,22,39,44,16
11/24/2004,game-1841,1,3,12,28,47,9
11/27/2004,game-1842,2,21,23,36,45,9
12/1/2004,game-1843,4,5,9,20,34,23
12/4/2004,game-1844,1,15,30,39,47,19
12/8/2004,game-1845,1,6,14,33,36,10
12/11/2004,game-1846,1,5,13,18,42,12
12/15/2004,game-1847,1,7,10,28,40,2
12/18/2004,game-1848,19,21,24,35,41,21
12/22/2004,game-1849,18,20,32,34,44,12
12/25/2004,game-1850,6,10,26,30,34,26
12/29/2004,game-1851,1,5,6,17,43,5
1/1/2005,game-1852,25,34,35,41,42,18
1/5/2005,game-1853,9,11,32,41,42,2
1/8/2005,game-1854,12,15,23,32,37,18
1/12/2005,game-1855,3,17,20,28,44,21
1/15/2005,game-1856,3,7,29,30,41,10
1/19/2005,game-1857,2,9,27,30,45,13
1/22/2005,game-1858,5,10,20,36,38,4
1/26/2005,game-1859,2,3,27,28,46,24
1/29/2005,game-1860,10,19,30,41,45,9
2/2/2005,game-1861,2,9,13,20,44,27
2/5/2005,game-1862,11,29,30,34,43,13
2/9/2005,game-1863,5,6,7,17,23,23
2/12/2005,game-1864,21,30,31,37,39,5
2/16/2005,game-1865,7,12,16,26,40,21
2/19/2005,game-1866,2,5,20,22,47,11
2/23/2005,game-1867,4,10,15,23,39,26
2/26/2005,game-1868,7,9,23,30,40,5
3/2/2005,game-1869,8,10,19,21,30,27
3/5/2005,game-1870,19,26,33,38,46,1
3/9/2005,game-1871,1,12,30,38,40,2
3/12/2005,game-1872,6,7,17,38,46,4
3/16/2005,game-1873,1,2,6,38,41,27
3/19/2005,game-1874,10,16,27,41,43,21
3/23/2005,game-1875,9,23,26,31,36,10
3/26/2005,game-1876,3,11,18,41,43,6
3/30/2005,game-1877,1,22,25,36,43,17
4/2/2005,game-1878,8,13,16,19,43,6
4/6/2005,game-1879,21,22,26,29,39,16
4/9/2005,game-1880,12,15,17,19,44,18
4/13/2005,game-1881,34,38,42,43,45,19
4/16/2005,game-1882,2,19,21,23,43,2
4/20/2005,game-1883,7,13,15,28,31,9
4/23/2005,game-1884,10,11,16,22,29,25
4/27/2005,game-1885,4,6,17,29,31,8
4/30/2005,game-1886,11,15,28,36,37,15
5/4/2005,game-1887,7,16,20,44,45,18
5/7/2005,game-1888,12,14,19,43,47,19
5/11/2005,game-1889,2,5,21,25,38,11
5/14/2005,game-1890,15,16,40,42,43,16
5/18/2005,game-1891,12,16,25,31,45,20
5/21/2005,game-1892,3,8,17,18,22,2
5/25/2005,game-1893,4,15,23,26,47,23
5/28/2005,game-1894,5,19,35,38,46,13
6/1/2005,game-1895,2,8,22,29,47,22
6/4/2005,game-1896,14,15,39,42,45,11
6/8/2005,game-1897,21,24,34,40,45,26
6/11/2005,game-1898,2,7,20,39,42,5
6/15/2005,game-1899,34,40,42,44,45,12
6/18/2005,game-1900,5,25,28,36,42,8
6/22/2005,game-1901,4,6,7,34,39,9
6/25/2005,game-1902,18,25,27,31,33,19
6/29/2005,game-1903,13,23,25,30,44,10
7/2/2005,game-1904,8,9,21,31,33,11
7/6/2005,game-1905,1,5,6,18,35,15
7/9/2005,game-1906,21,23,26,27,35,12
7/13/2005,game-1907,6,8,13,30,32,9
7/16/2005,game-1908,13,17,22,31,40,6
7/20/2005,game-1909,13,24,35,37,40,20
7/23/2005,game-1910,14,15,22,29,36,5
7/27/2005,game-1911,5,8,17,21,35,21
7/30/2005,game-1912,1,3,20,34,45,27
8/3/2005,game-1913,3,12,31,39,47,7
8/6/2005,game-1914,12,29,32,35,43,1
8/10/2005,game-1915,1,13,21,32,41,7
8/13/2005,game-1916,17,25,42,44,45,24
8/17/2005,game-1917,16,19,21,31,42,9
8/20/2005,game-1918,3,8,16,22,35,17
8/24/2005,game-1919,16,21,27,38,40,23
8/27/2005,game-1920,7,18,20,22,42,9
8/31/2005,game-1921,2,8,13,23,27,15
9/3/2005,game-1922,11,15,18,35,46,18
9/7/2005,game-1923,11,24,25,26,41,17
9/10/2005,game-1924,5,11,12,19,39,10
9/14/2005,game-1925,5,13,22,35,40,20
9/17/2005,game-1926,7,10,25,28,31,23
9/21/2005,game-1927,3,30,34,37,41,18
9/24/2005,game-1928,7,13,23,28,33,2
9/28/2005,game-1929,2,17,28,37,45,5
10/1/2005,game-1930,2,19,33,35,40,8
10/5/2005,game-1931,8,13,19,22,40,17
10/8/2005,game-1932,13,27,36,43,44,7
10/12/2005,game-1933,2,25,33,39,44,11
10/15/2005,game-1934,8,30,39,42,46,8
10/19/2005,game-1935,10,12,30,34,39,19
10/22/2005,game-1936,12,18,36,39,45,5
10/26/2005,game-1937,9,10,23,33,34,22
10/29/2005,game-1938,1,11,16,29,39,13
11/2/2005,game-1939,5,13,34,40,46,6
11/5/2005,game-1940,3,14,15,27,41,17
11/9/2005,game-1941,5,7,21,30,34,24
11/12/2005,game-1942,4,10,11,12,32,13
11/16/2005,game-1943,13,15,22,30,38,20
11/19/2005,game-1944,4,5,15,32,42,2
11/23/2005,game-1945,5,7,11,24,38,19
11/26/2005,game-1946,4,17,43,44,47,21
11/30/2005,game-1947,7,16,19,32,36,24
12/3/2005,game-1948,12,19,26,30,45,6
12/7/2005,game-1949,4,5,6,31,44,21
12/10/2005,game-1950,34,38,40,44,46,18
12/14/2005,game-1951,3,15,23,32,39,27
12/17/2005,game-1952,8,10,23,36,47,20
12/21/2005,game-1953,24,30,34,37,43,27
12/24/2005,game-1954,7,22,23,26,40,25
12/28/2005,game-1955,3,4,20,39,40,3
12/31/2005,game-1956,20,28,38,42,43,27
1/4/2006,game-1957,5,15,19,20,35,20
1/7/2006,game-1958,5,17,29,32,39,3
1/11/2006,game-1959,6,24,25,36,43,17
1/14/2006,game-1960,4,23,25,36,46,13
1/18/2006,game-1961,4,7,10,16,17,24
1/21/2006,game-1962,2,17,33,41,43,5
1/25/2006,game-1963,7,14,20,21,47,24
1/28/2006,game-1964,3,9,13,27,33,13
2/1/2006,game-1965,20,24,25,27,44,6
2/4/2006,game-1966,1,3,4,21,25,3
2/8/2006,game-1967,2,3,6,9,35,1
2/11/2006,game-1968,4,12,20,32,36,10
2/15/2006,game-1969,8,10,18,31,36,15
2/18/2006,game-1970,10,13,27,43,46,23
2/22/2006,game-1971,10,16,21,25,34,1
2/25/2006,game-1972,6,21,36,39,46,3
3/1/2006,game-1973,3,16,22,31,42,18
3/4/2006,game-1974,4,8,9,21,29,12
3/8/2006,game-1975,3,16,20,30,34,13
3/11/2006,game-1976,3,11,21,29,46,5
3/15/2006,game-1977,2,10,15,27,41,2
3/18/2006,game-1978,4,20,34,35,44,22
3/22/2006,game-1979,1,2,4,6,35,17
3/25/2006,game-1980,4,21,27,34,38,25
3/29/2006,game-1981,7,21,27,32,41,3
4/1/2006,game-1982,14,19,26,36,40,20
4/5/2006,game-1983,11,27,34,39,43,21
4/8/2006,game-1984,24,29,31,34,46,26
4/12/2006,game-1985,7,31,32,36,41,18
4/15/2006,game-1986,5,13,15,20,45,8
4/19/2006,game-1987,12,19,23,34,47,19
4/22/2006,game-1988,1,13,15,18,31,15
4/26/2006,game-1989,13,24,31,33,39,27
4/29/2006,game-1990,7,12,21,43,46,16
5/3/2006,game-1991,2,9,11,27,28,27
5/6/2006,game-1992,6,20,27,37,43,22
5/10/2006,game-1993,5,6,42,44,45,15
5/13/2006,game-1994,3,8,28,40,42,11
5/17/2006,game-1995,7,26,27,35,38,14
5/20/2006,game-1996,15,23,28,38,40,18
5/24/2006,game-1997,7,15,22,41,45,11
5/27/2006,game-1998,9,14,20,24,30,26
5/31/2006,game-1999,9,15,23,39,44,2
6/3/2006,game-2000,7,10,17,19,29,20
6/7/2006,game-2001,1,11,14,30,31,12
6/10/2006,game-2002,7,19,20,31,42,13
6/14/2006,game-2003,9,12,36,38,41,5
6/17/2006,game-2004,6,9,10,22,25,4
6/21/2006,game-2005,15,22,26,27,37,23
6/24/2006,game-2006,4,20,36,41,44,13
6/28/2006,game-2007,4,10,15,17,29,22
7/1/2006,game-2008,1,17,19,32,43,25
7/5/2006,game-2009,2,9,12,20,34,16
7/8/2006,game-2010,21,31,37,41,47,11
7/12/2006,game-2011,9,16,20,32,45,8
7/15/2006,game-2012,15,27,33,34,44,20
7/19/2006,game-2013,9,15,22,36,44,13
7/22/2006,game-2014,13,18,21,46,47,23
7/26/2006,game-2015,2,10,13,18,20,21
7/29/2006,game-2016,1,16,28,32,45,3
8/2/2006,game-2017,1,2,8,16,32,10
8/5/2006,game-2018,6,19,23,35,40,20
8/9/2006,game-2019,7,10,13,19,35,12
8/12/2006,game-2020,10,12,34,37,47,8
8/16/2006,game-2021,6,10,26,32,37,3
8/19/2006,game-2022,7,23,25,34,41,27
8/23/2006,game-2023,11,14,23,28,43,18
8/26/2006,game-2024,5,10,24,26,38,23
8/30/2006,game-2025,15,19,27,31,34,2
9/2/2006,game-2026,11,15,22,42,46,6
9/6/2006,game-2027,24,41,43,44,46,22
9/9/2006,game-2028,7,10,11,12,25,15
9/13/2006,game-2029,9,10,23,26,37,27
9/16/2006,game-2030,17,24,30,31,36,12
9/20/2006,game-2031,3,22,24,32,39,22
9/23/2006,game-2032,10,14,39,42,46,1
9/27/2006,game-2033,10,16,21,28,29,3
9/30/2006,game-2034,15,20,22,27,47,18
10/4/2006,game-2035,12,15,32,43,45,11
10/7/2006,game-2036,5,15,21,29,44,4
10/11/2006,game-2037,1,4,20,29,30,17
10/14/2006,game-2038,5,12,13,35,47,14
10/18/2006,game-2039,7,15,23,27,44,19
10/21/2006,game-2040,6,10,11,27,28,4
10/25/2006,game-2041,6,11,30,39,46,16
10/28/2006,game-2042,7,14,27,35,40,15
11/1/2006,game-2043,9,10,19,25,43,12
11/4/2006,game-2044,13,26,29,31,33,9
11/8/2006,game-2045,10,13,21,30,46,6
11/11/2006,game-2046,12,20,25,35,43,17
11/15/2006,game-2047,18,20,32,34,40,7
11/18/2006,game-2048,10,25,26,35,45,23
11/22/2006,game-2049,2,14,30,40,44,10
11/25/2006,game-2050,6,9,18,20,37,10
11/29/2006,game-2051,11,12,21,30,40,10
12/2/2006,game-2052,2,17,19,30,39,12
12/6/2006,game-2053,1,4,17,36,42,24
12/9/2006,game-2054,4,6,7,17,23,16
12/13/2006,game-2055,7,12,20,25,33,7
12/16/2006,game-2056,10,14,40,42,47,21
12/20/2006,game-2057,6,12,21,26,36,10
12/23/2006,game-2058,6,17,18,30,46,2
12/27/2006,game-2059,1,21,30,39,40,4
12/30/2006,game-2060,4,13,26,27,47,21
1/3/2007,game-2061,8,15,31,42,46,6
1/6/2007,game-2062,8,27,28,33,40,15
1/10/2007,game-2063,6,10,20,42,45,21
1/13/2007,game-2064,7,16,18,29,46,19
1/17/2007,game-2065,22,24,31,33,40,22
1/20/2007,game-2066,18,19,34,38,42,17
1/24/2007,game-2067,3,10,33,36,43,10
1/27/2007,game-2068,11,13,18,21,36,16
1/31/2007,game-2069,7,14,17,18,32,21
2/3/2007,game-2070,7,21,32,37,46,25
2/7/2007,game-2071,18,20,31,32,33,4
2/10/2007,game-2072,24,26,30,32,45,26
2/14/2007,game-2073,12,15,37,39,47,5
2/17/2007,game-2074,1,21,39,45,46,9
2/21/2007,game-2075,31,32,36,39,46,18
2/24/2007,game-2076,13,19,24,28,37,26
2/28/2007,game-2077,3,9,13,26,42,2
3/3/2007,game-2078,1,15,21,28,34,14
3/7/2007,game-2079,5,25,26,39,41,25
3/10/2007,game-2080,3,6,8,17,32,2
3/14/2007,game-2081,4,15,17,20,35,23
3/17/2007,game-2082,6,17,27,36,41,3
3/21/2007,game-2083,10,15,23,30,38,3
3/24/2007,game-2084,9,16,29,43,46,14
3/28/2007,game-2085,8,11,26,36,41,25
3/31/2007,game-2086,3,7,18,33,40,2
4/4/2007,game-2087,17,18,22,26,35,10
4/7/2007,game-2088,6,15,25,39,47,17
4/11/2007,game-2089,5,13,19,27,33,19
4/14/2007,game-2090,4,27,29,34,38,16
4/18/2007,game-2091,2,5,14,34,36,9
4/21/2007,game-2092,2,12,20,36,46,15
4/25/2007,game-2093,13,14,26,36,40,2
4/28/2007,game-2094,6,14,16,24,41,10
5/2/2007,game-2095,3,5,12,20,24,6
5/5/2007,game-2096,1,16,18,34,38,17
5/9/2007,game-2097,16,17,24,25,46,10
5/12/2007,game-2098,7,9,24,38,42,16
5/16/2007,game-2099,5,8,24,33,44,5
5/19/2007,game-2100,2,17,25,39,43,8
5/23/2007,game-2101,4,15,20,32,40,2
5/26/2007,game-2102,1,3,17,25,44,17
5/30/2007,game-2103,4,21,26,35,37,24
6/2/2007,game-2104,11,17,18,27,43,18
6/6/2007,game-2105,8,16,17,27,31,6
6/9/2007,game-2106,17,23,28,33,45,20
6/13/2007,game-2107,1,11,15,17,33,3
6/16/2007,game-2108,4,24,35,36,38,26
6/20/2007,game-2109,10,15,23,24,29,19
6/23/2007,game-2110,2,28,29,31,35,18
6/27/2007,game-2111,2,21,31,38,44,4
6/30/2007,game-2112,1,2,15,30,37,1
7/4/2007,game-2113,15,22,25,32,35,22
7/7/2007,game-2114,6,34,35,36,39,13
7/11/2007,game-2115,22,23,28,32,39,14
7/14/2007,game-2116,3,5,18,33,35,1
7/18/2007,game-2117,1,16,24,41,42,12
7/21/2007,game-2118,3,19,23,36,39,8
7/25/2007,game-2119,12,19,27,43,44,20
7/28/2007,game-2120,4,9,11,15,25,18
8/1/2007,game-2121,19,20,28,32,47,27
8/4/2007,game-2122,2,33,36,39,46,7
8/8/2007,game-2123,6,10,11,15,21,27
8/11/2007,game-2124,2,8,16,23,42,7
8/15/2007,game-2125,1,18,24,25,37,4
8/18/2007,game-2126,24,34,37,39,40,12
8/22/2007,game-2127,15,18,24,25,45,12
8/25/2007,game-2128,21,27,29,38,40,11
8/29/2007,game-2129,17,18,19,31,33,16
9/1/2007,game-2130,5,14,22,39,47,10
9/5/2007,game-2131,6,13,15,34,41,20
9/8/2007,game-2132,21,30,34,37,39,5
9/12/2007,game-2133,7,23,24,30,45,5
9/15/2007,game-2134,2,10,20,26,46,16
9/19/2007,game-2135,9,12,21,33,42,17
9/22/2007,game-2136,8,11,13,15,19,27
9/26/2007,game-2137,4,14,16,40,42,23
9/29/2007,game-2138,15,21,30,37,39,20
10/3/2007,game-2139,7,13,27,31,41,19
10/6/2007,game-2140,19,27,31,44,47,22
10/10/2007,game-2141,3,5,11,26,43,5
10/13/2007,game-2142,9,17,18,25,34,22
10/17/2007,game-2143,2,4,29,32,47,26
10/20/2007,game-2144,7,16,18,20,35,19
10/24/2007,game-2145,8,11,18,37,46,15
10/27/2007,game-2146,8,9,13,22,24,26
10/31/2007,game-2147,5,9,10,20,25,5
11/3/2007,game-2148,12,13,14,16,31,15
11/7/2007,game-2149,15,33,38,44,45,4
11/10/2007,game-2150,14,31,39,45,47,27
11/14/2007,game-2151,1,14,21,35,36,7
11/17/2007,game-2152,7,20,26,31,47,10
11/21/2007,game-2153,3,30,36,38,43,26
11/24/2007,game-2154,8,12,21,31,39,25
11/28/2007,game-2155,14,23,33,38,40,27
12/1/2007,game-2156,6,15,18,24,35,21
12/5/2007,game-2157,2,9,16,25,36,11
12/8/2007,game-2158,5,10,13,33,34,22
12/12/2007,game-2159,17,18,26,31,38,19
12/15/2007,game-2160,16,21,26,39,42,14
12/19/2007,game-2161,2,3,7,14,38,20
12/22/2007,game-2162,14,27,30,44,46,3
12/26/2007,game-2163,2,6,16,33,35,5
12/29/2007,game-2164,12,26,27,28,29,24
1/2/2008,game-2165,5,14,22,24,30,25
1/5/2008,game-2166,3,15,18,40,41,4
1/9/2008,game-2167,14,36,37,41,45,26
1/12/2008,game-2168,1,10,23,41,43,8
1/16/2008,game-2169,9,15,34,39,40,10
1/19/2008,game-2170,7,18,22,30,43,5
1/23/2008,game-2171,21,25,28,34,42,10
1/26/2008,game-2172,2,23,29,32,42,20
1/30/2008,game-2173,10,18,28,40,47,22
2/2/2008,game-2174,10,11,16,35,43,9
2/6/2008,game-2175,2,20,30,31,46,27
2/9/2008,game-2176,23,30,34,39,41,1
2/13/2008,game-2177,2,19,23,45,46,16
2/16/2008,game-2178,22,25,33,41,45,9
2/20/2008,game-2179,2,6,17,41,45,1
2/23/2008,game-2180,2,25,33,35,41,10
2/27/2008,game-2181,15,22,23,40,42,15
3/1/2008,game-2182,17,22,35,36,47,25
3/5/2008,game-2183,4,10,20,34,47,19
3/8/2008,game-2184,14,17,18,19,41,26
3/12/2008,game-2185,10,16,19,21,39,15
3/15/2008,game-2186,4,11,22,29,31,12
3/19/2008,game-2187,14,15,23,31,40,7
3/22/2008,game-2188,4,5,16,43,47,20
3/26/2008,game-2189,8,9,10,28,35,9
3/29/2008,game-2190,1,11,18,19,34,13
4/2/2008,game-2191,5,7,21,29,43,22
4/5/2008,game-2192,2,6,7,24,31,3
4/9/2008,game-2193,5,17,23,42,43,19
4/12/2008,game-2194,15,19,20,34,40,17
4/16/2008,game-2195,5,13,14,27,37,9
4/19/2008,game-2196,3,5,6,19,25,20
4/23/2008,game-2197,6,21,22,34,38,14
4/26/2008,game-2198,4,12,17,20,31,20
4/30/2008,game-2199,13,14,34,35,40,16
5/3/2008,game-2200,8,10,22,33,44,10
5/7/2008,game-2201,17,26,35,42,45,4
5/10/2008,game-2202,11,20,24,25,33,23
5/14/2008,game-2203,7,19,29,37,43,22
5/17/2008,game-2204,13,24,35,41,46,5
5/21/2008,game-2205,1,13,20,30,44,20
5/24/2008,game-2206,2,4,19,31,42,12
5/28/2008,game-2207,3,4,10,28,39,26
5/31/2008,game-2208,6,8,11,25,29,4
6/4/2008,game-2209,7,22,25,33,44,3
6/7/2008,game-2210,4,23,29,33,44,5
6/11/2008,game-2211,14,30,31,39,42,15
6/14/2008,game-2212,7,9,26,28,37,18
6/18/2008,game-2213,11,20,27,30,44,13
6/21/2008,game-2214,10,29,30,33,41,18
6/25/2008,game-2215,5,17,30,41,44,14
6/28/2008,game-2216,10,14,17,29,41,26
7/2/2008,game-2217,20,21,33,40,44,2
7/5/2008,game-2218,7,22,27,28,32,20
7/9/2008,game-2219,2,13,41,44,46,26
7/12/2008,game-2220,19,20,28,32,47,22
7/16/2008,game-2221,10,12,19,22,35,16
7/19/2008,game-2222,10,29,33,40,41,19
7/23/2008,game-2223,2,6,9,33,36,20
7/26/2008,game-2224,7,9,14,28,41,11
7/30/2008,game-2225,3,11,12,25,29,21
8/2/2008,game-2226,1,3,6,12,47,22
8/6/2008,game-2227,6,11,17,38,41,25
8/9/2008,game-2228,9,11,14,24,39,17
8/13/2008,game-2229,8,12,23,32,39,25
8/16/2008,game-2230,6,16,25,26,36,19
8/20/2008,game-2231,3,8,10,30,37,13
8/23/2008,game-2232,13,22,29,43,47,4
8/27/2008,game-2233,10,18,20,36,42,25
8/30/2008,game-2234,2,4,13,20,41,22
9/3/2008,game-2235,5,7,11,20,22,11
9/6/2008,game-2236,6,7,34,35,47,23
9/10/2008,game-2237,7,25,27,32,36,12
9/13/2008,game-2238,6,13,19,21,41,16
9/17/2008,game-2239,19,26,27,40,47,21
9/20/2008,game-2240,12,23,33,37,44,5
9/24/2008,game-2241,1,6,20,40,41,18
9/27/2008,game-2242,4,7,21,31,32,26
10/1/2008,game-2243,5,13,15,20,36,24
10/4/2008,game-2244,8,15,25,33,42,23
10/8/2008,game-2245,6,13,17,18,25,9
10/11/2008,game-2246,25,30,33,37,38,1
10/15/2008,game-2247,7,10,23,24,40,26
10/18/2008,game-2248,9,11,27,36,39,10
10/22/2008,game-2249,13,15,26,27,36,10
10/25/2008,game-2250,3,24,25,43,45,20
10/29/2008,game-2251,3,20,28,29,41,14
11/1/2008,game-2252,3,11,28,30,38,12
11/5/2008,game-2253,10,26,31,32,40,23
11/8/2008,game-2254,7,16,35,40,47,24
11/12/2008,game-2255,2,22,37,42,45,19
11/15/2008,game-2256,8,18,27,29,39,23
11/19/2008,game-2257,13,17,18,20,46,6
11/22/2008,game-2258,1,12,17,20,21,25
11/26/2008,game-2259,6,7,37,41,47,13
11/29/2008,game-2260,4,6,21,32,36,3
12/3/2008,game-2261,14,15,19,25,34,8
12/6/2008,game-2262,15,26,29,37,45,22
12/10/2008,game-2263,30,33,38,46,47,11
12/13/2008,game-2264,20,22,25,32,45,12
12/17/2008,game-2265,20,34,41,42,46,26
12/20/2008,game-2266,10,15,16,46,47,22
12/24/2008,game-2267,7,10,23,26,40,26
12/27/2008,game-2268,14,19,22,32,38,1
12/31/2008,game-2269,3,13,29,40,42,9
1/3/2009,game-2270,5,14,37,44,47,25
1/7/2009,game-2271,17,30,35,40,41,2
1/10/2009,game-2272,25,29,30,31,38,25
1/14/2009,game-2273,1,19,39,44,45,8
1/17/2009,game-2274,8,17,20,26,38,19
1/21/2009,game-2275,6,15,21,29,37,10
1/24/2009,game-2276,5,22,25,29,35,7
1/28/2009,game-2277,8,13,21,26,41,20
1/31/2009,game-2278,4,34,35,38,43,17
2/4/2009,game-2279,4,23,33,35,45,14
2/7/2009,game-2280,14,23,24,25,44,18
2/11/2009,game-2281,4,11,15,23,34,26
2/14/2009,game-2282,15,26,29,40,42,25
2/18/2009,game-2283,1,6,10,23,40,18
2/21/2009,game-2284,25,27,30,32,38,2
2/25/2009,game-2285,1,13,19,23,25,12
2/28/2009,game-2286,8,16,21,28,29,1
3/4/2009,game-2287,5,6,12,24,44,12
3/7/2009,game-2288,17,34,39,40,46,4
3/11/2009,game-2289,8,15,34,38,47,2
3/14/2009,game-2290,22,31,36,43,45,16
3/18/2009,game-2291,26,37,38,44,45,9
3/21/2009,game-2292,7,28,34,38,45,6
3/25/2009,game-2293,3,7,23,31,36,16
3/28/2009,game-2294,12,14,27,29,30,27
4/1/2009,game-2295,4,7,17,31,33,1
4/4/2009,game-2296,8,18,21,41,46,24
4/8/2009,game-2297,12,18,19,21,30,4
4/11/2009,game-2298,2,4,12,34,46,16
4/15/2009,game-2299,7,18,34,35,43,25
4/18/2009,game-2300,13,18,29,35,41,19
4/22/2009,game-2301,5,6,20,36,44,18
4/25/2009,game-2302,6,26,36,40,46,19
4/29/2009,game-2303,2,5,8,21,32,20
5/2/2009,game-2304,1,20,29,34,38,27
5/6/2009,game-2305,23,24,26,28,29,11
5/9/2009,game-2306,6,7,26,42,43,1
5/13/2009,game-2307,11,15,26,32,42,18
5/16/2009,game-2308,5,19,27,36,42,27
5/20/2009,game-2309,2,6,27,35,36,1
5/23/2009,game-2310,7,15,23,38,39,21
5/27/2009,game-2311,5,7,8,14,35,26
5/30/2009,game-2312,22,23,31,39,47,3
6/3/2009,game-2313,3,12,18,36,43,15
6/6/2009,game-2314,12,29,31,37,47,3
6/10/2009,game-2315,9,11,20,30,36,11
6/13/2009,game-2316,6,11,29,31,44,1
6/17/2009,game-2317,16,21,24,30,44,6
6/20/2009,game-2318,16,23,35,40,41,12
6/24/2009,game-2319,3,13,18,23,37,25
6/27/2009,game-2320,7,15,25,27,42,24
7/1/2009,game-2321,10,15,17,37,38,17
7/4/2009,game-2322,1,6,11,17,33,13
7/8/2009,game-2323,3,8,18,22,31,2
7/11/2009,game-2324,12,18,21,24,28,26
7/15/2009,game-2325,1,3,6,25,41,10
7/18/2009,game-2326,10,23,24,34,40,20
7/22/2009,game-2327,26,31,32,43,45,18
7/25/2009,game-2328,4,12,20,36,47,13
7/29/2009,game-2329,8,12,19,25,39,17
8/1/2009,game-2330,6,13,18,26,39,24
8/5/2009,game-2331,22,23,27,28,41,17
8/8/2009,game-2332,23,31,40,44,46,10
8/12/2009,game-2333,5,8,29,36,47,23
8/15/2009,game-2334,7,9,25,29,47,24
8/19/2009,game-2335,20,25,29,35,41,25
8/22/2009,game-2336,5,6,16,26,32,22
8/26/2009,game-2337,6,7,18,36,42,23
8/29/2009,game-2338,6,13,14,36,37,12
9/2/2009,game-2339,9,13,27,41,42,27
9/5/2009,game-2340,2,5,17,25,33,18
9/9/2009,game-2341,2,27,37,41,47,26
9/12/2009,game-2342,5,24,30,41,47,15
9/16/2009,game-2343,5,17,18,22,28,10
9/19/2009,game-2344,6,17,33,44,46,18
9/23/2009,game-2345,1,4,22,41,42,13
9/26/2009,game-2346,7,13,34,39,47,3
9/30/2009,game-2347,4,18,20,23,39,14
10/3/2009,game-2348,13,25,29,45,46,5
10/7/2009,game-2349,1,8,18,26,44,4
10/10/2009,game-2350,2,6,11,16,43,12
10/14/2009,game-2351,12,13,26,30,38,24
10/17/2009,game-2352,3,6,8,36,47,13
10/21/2009,game-2353,22,30,33,43,47,25
10/24/2009,game-2354,1,10,11,26,32,10
10/28/2009,game-2355,19,27,31,33,38,1
10/31/2009,game-2356,6,10,15,18,23,22
11/4/2009,game-2357,1,12,29,38,39,19
11/7/2009,game-2358,6,10,34,39,44,1
11/11/2009,game-2359,4,6,15,24,28,27
11/14/2009,game-2360,15,33,37,38,47,16
11/18/2009,game-2361,6,10,12,24,45,10
11/21/2009,game-2362,28,30,34,35,43,2
11/25/2009,game-2363,1,10,13,14,47,20
11/28/2009,game-2364,12,17,26,33,42,20
12/2/2009,game-2365,16,22,31,33,42,19
12/5/2009,game-2366,5,29,30,42,44,20
12/9/2009,game-2367,5,14,27,30,44,17
12/12/2009,game-2368,3,5,6,30,32,17
12/16/2009,game-2369,13,18,19,31,41,12
12/19/2009,game-2370,19,30,37,40,44,6
12/23/2009,game-2371,8,14,18,28,29,2
12/26/2009,game-2372,8,19,20,21,41,3
12/30/2009,game-2373,10,13,14,21,42,15
1/2/2010,game-2374,4,9,19,24,41,9
1/6/2010,game-2375,2,4,17,45,47,1
1/9/2010,game-2376,7,13,29,36,40,22
1/13/2010,game-2377,10,14,23,34,39,25
1/16/2010,game-2378,26,29,33,42,44,22
1/20/2010,game-2379,7,11,15,31,45,3
1/23/2010,game-2380,6,25,35,39,45,23
1/27/2010,game-2381,2,17,40,44,46,11
1/30/2010,game-2382,4,12,14,44,47,18
2/3/2010,game-2383,13,14,29,39,43,26
2/6/2010,game-2384,19,29,36,37,41,20
2/10/2010,game-2385,19,21,26,30,42,25
2/13/2010,game-2386,1,7,11,39,46,11
2/17/2010,game-2387,11,21,23,29,41,9
2/20/2010,game-2388,19,20,21,24,45,13
2/24/2010,game-2389,1,2,14,44,45,25
2/27/2010,game-2390,5,9,14,39,47,27
3/3/2010,game-2391,1,3,16,38,47,21
3/6/2010,game-2392,19,22,33,41,42,17
3/10/2010,game-2393,5,8,33,38,47,25
3/13/2010,game-2394,9,15,20,24,43,2
3/17/2010,game-2395,11,30,34,40,42,1
3/20/2010,game-2396,14,27,35,36,37,5
3/24/2010,game-2397,13,20,25,29,39,21
3/27/2010,game-2398,11,16,29,41,46,11
3/31/2010,game-2399,17,23,36,38,46,18
4/3/2010,game-2400,1,12,18,22,42,18
4/7/2010,game-2401,9,21,23,30,36,10
4/10/2010,game-2402,22,25,31,40,42,16
4/14/2010,game-2403,16,34,37,44,47,22
4/17/2010,game-2404,7,9,17,31,47,16
4/21/2010,game-2405,19,24,34,35,42,23
4/24/2010,game-2406,6,15,25,27,39,17
4/28/2010,game-2407,1,9,15,16,29,9
5/1/2010,game-2408,3,5,24,25,41,7
5/5/2010,game-2409,10,30,31,34,42,2
5/8/2010,game-2410,4,18,19,43,47,5
5/12/2010,game-2411,4,7,10,25,32,22
5/15/2010,game-2412,3,9,12,13,38,26
5/19/2010,game-2413,4,8,32,34,43,14
5/22/2010,game-2414,9,12,22,30,46,24
5/26/2010,game-2415,1,7,14,17,20,27
5/29/2010,game-2416,13,17,29,34,38,4
6/2/2010,game-2417,7,8,11,15,31,27
6/5/2010,game-2418,4,11,28,34,42,26
6/9/2010,game-2419,4,6,8,36,41,17
6/12/2010,game-2420,3,22,24,32,35,7
6/16/2010,game-2421,17,21,26,37,42,11
6/19/2010,game-2422,10,22,35,40,47,26
6/23/2010,game-2423,13,23,33,34,38,4
6/26/2010,game-2424,5,9,14,26,29,25
6/30/2010,game-2425,2,9,10,39,46,19
7/3/2010,game-2426,9,13,25,29,32,9
7/7/2010,game-2427,2,6,9,10,21,24
7/10/2010,game-2428,13,21,23,26,33,11
7/14/2010,game-2429,9,10,15,27,47,6
7/17/2010,game-2430,12,16,18,20,24,7
7/21/2010,game-2431,1,15,17,43,45,23
7/24/2010,game-2432,9,13,15,18,25,12
7/28/2010,game-2433,19,25,26,27,33,9
7/31/2010,game-2434,6,13,37,43,47,15
8/4/2010,game-2435,5,9,24,27,37,8
8/7/2010,game-2436,8,9,36,38,45,17
8/11/2010,game-2437,13,17,20,23,26,15
8/14/2010,game-2438,8,12,24,36,40,12
8/18/2010,game-2439,18,21,28,43,47,9
8/21/2010,game-2440,13,16,21,23,31,15
8/25/2010,game-2441,6,21,22,30,38,26
8/28/2010,game-2442,11,20,36,39,41,3
9/1/2010,game-2443,5,16,24,32,33,3
9/4/2010,game-2444,12,15,21,30,45,23
9/8/2010,game-2445,1,8,17,32,38,10
9/11/2010,game-2446,2,10,31,35,45,24
9/15/2010,game-2447,4,6,22,26,43,14
9/18/2010,game-2448,10,11,27,42,45,9
9/22/2010,game-2449,11,17,27,34,44,1
9/25/2010,game-2450,2,13,36,41,44,20
9/29/2010,game-2451,27,33,35,45,46,26
10/2/2010,game-2452,20,24,25,32,34,11
10/6/2010,game-2453,3,4,7,29,39,21
10/9/2010,game-2454,8,11,17,31,35,7
10/13/2010,game-2455,1,10,23,25,47,9
10/16/2010,game-2456,8,9,19,30,33,1
10/20/2010,game-2457,11,24,27,36,43,9
10/23/2010,game-2458,3,13,15,16,25,11
10/27/2010,game-2459,3,8,13,15,36,22
10/30/2010,game-2460,9,25,30,31,46,7
11/3/2010,game-2461,6,9,18,23,37,27
11/6/2010,game-2462,10,15,27,44,45,15
11/10/2010,game-2463,10,27,38,39,46,10
11/13/2010,game-2464,4,10,30,31,41,21
11/17/2010,game-2465,6,12,36,41,46,22
11/20/2010,game-2466,11,30,35,46,47,15
11/24/2010,game-2467,15,22,41,43,44,14
11/27/2010,game-2468,7,17,18,24,37,5
12/1/2010,game-2469,19,23,24,33,35,23
12/4/2010,game-2470,8,28,32,37,44,24
12/8/2010,game-2471,3,9,12,20,38,17
12/11/2010,game-2472,3,4,22,32,44,8
12/15/2010,game-2473,6,8,14,23,26,4
12/18/2010,game-2474,10,11,12,25,33,21
12/22/2010,game-2475,3,18,21,22,42,15
12/25/2010,game-2476,1,20,25,41,42,25
12/29/2010,game-2477,7,33,37,43,46,10
1/1/2011,game-2478,5,9,19,32,34,14
1/5/2011,game-2479,12,26,31,38,41,23
1/8/2011,game-2480,8,10,13,19,38,22
1/12/2011,game-2481,11,21,26,27,44,21
1/15/2011,game-2482,15,28,29,41,45,17
1/19/2011,game-2483,6,7,16,27,39,3
1/22/2011,game-2484,2,19,24,35,45,12
1/26/2011,game-2485,11,18,21,27,47,13
1/29/2011,game-2486,20,25,41,43,45,3
2/2/2011,game-2487,4,20,21,24,47,6
2/5/2011,game-2488,7,9,12,34,44,2
2/9/2011,game-2489,6,7,8,17,41,7
2/12/2011,game-2490,11,30,31,33,42,8
2/16/2011,game-2491,2,8,16,21,23,19
2/19/2011,game-2492,6,7,12,19,30,10
2/23/2011,game-2493,9,13,15,22,35,19
2/26/2011,game-2494,9,21,23,41,47,8
3/2/2011,game-2495,12,33,34,36,45,8
3/5/2011,game-2496,15,21,22,33,45,15
3/9/2011,game-2497,23,34,42,43,47,21
3/12/2011,game-2498,11,25,26,33,45,13
3/16/2011,game-2499,13,22,25,33,35,16
3/19/2011,game-2500,1,27,28,32,45,1
3/23/2011,game-2501,9,18,31,33,42,8
3/26/2011,game-2502,11,18,19,29,40,18
3/30/2011,game-2503,18,20,22,26,41,19
4/2/2011,game-2504,5,10,30,35,43,1
4/6/2011,game-2505,6,16,17,26,44,5
4/9/2011,game-2506,15,25,30,42,46,21
4/13/2011,game-2507,13,22,27,29,42,25
4/16/2011,game-2508,7,21,25,26,35,3
4/20/2011,game-2509,6,13,24,27,31,8
4/23/2011,game-2510,13,16,26,33,41,22
4/27/2011,game-2511,4,12,22,33,39,7
4/30/2011,game-2512,4,18,24,33,35,15
5/4/2011,game-2513,6,8,15,19,45,25
5/7/2011,game-2514,4,15,25,26,46,20
5/11/2011,game-2515,4,27,31,34,39,8
5/14/2011,game-2516,2,11,17,31,47,12
5/18/2011,game-2517,6,15,30,34,39,6
5/21/2011,game-2518,3,11,16,26,38,6
5/25/2011,game-2519,2,9,36,43,46,3
5/28/2011,game-2520,6,7,16,32,35,20
6/1/2011,game-2521,1,10,15,24,45,24
6/4/2011,game-2522,20,28,33,41,43,24
6/8/2011,game-2523,1,3,14,24,41,11
6/11/2011,game-2524,1,24,27,34,36,17
6/15/2011,game-2525,6,19,20,21,27,23
6/18/2011,game-2526,4,20,36,45,47,20
6/22/2011,game-2527,1,16,24,27,28,19
6/25/2011,game-2528,9,16,27,34,45,21
6/29/2011,game-2529,2,5,15,28,43,11
7/2/2011,game-2530,4,6,15,35,41,19
7/6/2011,game-2531,5,7,11,18,33,25
7/9/2011,game-2532,4,5,21,23,27,23
7/13/2011,game-2533,3,13,21,25,36,1
7/16/2011,game-2534,9,10,28,29,33,26
7/20/2011,game-2535,13,18,19,23,25,20
7/23/2011,game-2536,1,6,13,45,47,16
7/27/2011,game-2537,4,6,15,16,42,16
7/30/2011,game-2538,10,14,29,38,47,8
8/3/2011,game-2539,1,19,21,25,46,23
8/6/2011,game-2540,12,20,30,38,40,7
8/10/2011,game-2541,2,16,19,31,40,10
8/13/2011,game-2542,7,9,17,28,42,7
8/17/2011,game-2543,14,17,20,34,44,18
8/20/2011,game-2544,6,16,31,42,45,6
8/24/2011,game-2545,12,24,32,34,35,23
8/27/2011,game-2546,6,7,17,21,25,8
8/31/2011,game-2547,2,22,27,31,32,11
9/3/2011,game-2548,13,30,39,42,47,5
9/7/2011,game-2549,7,15,34,41,42,8
9/10/2011,game-2550,7,11,15,20,34,2
9/14/2011,game-2551,9,15,18,32,36,27
9/17/2011,game-2552,7,12,14,16,37,14
9/21/2011,game-2553,4,26,31,35,45,4
9/24/2011,game-2554,2,8,14,29,43,24
9/28/2011,game-2555,6,13,24,29,44,3
10/1/2011,game-2556,3,5,13,15,21,9
10/5/2011,game-2557,15,25,29,30,37,26
10/8/2011,game-2558,27,32,35,45,46,21
10/12/2011,game-2559,2,28,35,44,47,21
10/15/2011,game-2560,2,18,25,32,46,15
10/19/2011,game-2561,13,29,33,37,40,9
10/22/2011,game-2562,21,27,34,39,45,22
10/26/2011,game-2563,15,20,25,40,41,20
10/29/2011,game-2564,5,7,39,46,47,6
11/2/2011,game-2565,2,7,22,27,32,12
11/5/2011,game-2566,3,8,10,16,22,11
11/9/2011,game-2567,2,17,33,35,41,9
11/12/2011,game-2568,21,22,25,28,43,12
11/16/2011,game-2569,22,23,26,38,42,3
11/19/2011,game-2570,4,18,21,33,39,7
11/23/2011,game-2571,6,13,30,31,45,2
11/26/2011,game-2572,15,16,28,33,38,23
11/30/2011,game-2573,4,6,22,32,45,8
12/3/2011,game-2574,1,12,19,29,34,12
12/7/2011,game-2575,1,2,34,37,42,9
12/10/2011,game-2576,7,15,31,32,47,24
12/14/2011,game-2577,7,27,33,42,44,24
12/17/2011,game-2578,17,23,29,37,46,17
12/21/2011,game-2579,8,21,38,43,44,24
12/24/2011,game-2580,12,15,37,42,43,8
12/28/2011,game-2581,12,22,28,31,42,2
12/31/2011,game-2582,1,16,27,33,46,25
1/4/2012,game-2583,15,30,34,41,45,20
1/7/2012,game-2584,2,5,16,31,35,14
1/11/2012,game-2585,2,5,11,12,30,24
1/14/2012,game-2586,4,8,25,29,38,13
1/18/2012,game-2587,2,13,25,32,45,23
1/21/2012,game-2588,16,18,23,40,46,4
1/25/2012,game-2589,1,30,33,43,46,9
1/28/2012,game-2590,10,15,33,34,37,8
2/1/2012,game-2591,2,13,19,39,46,26
2/4/2012,game-2592,8,12,25,33,45,5
2/8/2012,game-2593,11,24,26,36,38,13
2/11/2012,game-2594,1,2,18,34,43,27
2/15/2012,game-2595,3,5,16,25,37,16
2/18/2012,game-2596,1,19,32,41,42,11
2/22/2012,game-2597,1,34,37,39,41,10
2/25/2012,game-2598,2,8,12,15,22,12
2/29/2012,game-2599,11,13,17,24,47,10
3/3/2012,game-2600,2,4,6,7,18,8
3/7/2012,game-2601,11,18,21,30,34,6
3/10/2012,game-2602,14,24,28,35,40,19
3/14/2012,game-2603,28,32,33,34,45,21
3/17/2012,game-2604,2,13,20,25,37,15
3/21/2012,game-2605,8,21,31,40,42,2
3/24/2012,game-2606,8,19,24,26,36,25
3/28/2012,game-2607,17,23,34,41,43,11
3/31/2012,game-2608,2,12,15,25,47,13
4/4/2012,game-2609,7,21,26,28,30,10
4/7/2012,game-2610,9,16,25,45,47,5
4/11/2012,game-2611,13,15,17,29,41,10
4/14/2012,game-2612,1,3,19,36,45,8
4/18/2012,game-2613,5,7,8,10,29,16
4/21/2012,game-2614,9,20,30,37,41,5
4/25/2012,game-2615,12,15,19,20,28,21
4/28/2012,game-2616,7,12,20,21,40,11
5/2/2012,game-2617,6,11,18,32,43,26
5/5/2012,game-2618,25,28,29,37,42,18
5/9/2012,game-2619,2,21,31,43,47,27
5/12/2012,game-2620,10,24,26,30,35,6
5/16/2012,game-2621,9,15,17,24,35,18
5/19/2012,game-2622,4,13,15,26,46,2
5/23/2012,game-2623,7,19,26,30,34,13
5/26/2012,game-2624,11,17,40,44,45,23
5/30/2012,game-2625,7,14,23,26,31,5
6/2/2012,game-2626,1,15,20,30,40,13
6/6/2012,game-2627,4,18,21,23,42,26
6/9/2012,game-2628,2,18,22,28,40,10
6/13/2012,game-2629,1,4,11,13,44,16
6/16/2012,game-2630,5,36,37,42,43,24
6/20/2012,game-2631,4,7,9,16,25,17
6/23/2012,game-2632,2,3,10,22,25,7
6/27/2012,game-2633,4,19,38,42,44,19
6/30/2012,game-2634,4,22,23,32,39,23
7/4/2012,game-2635,1,8,22,33,37,7
7/7/2012,game-2636,7,27,41,42,46,1
7/11/2012,game-2637,12,21,39,40,43,26
7/14/2012,game-2638,2,6,8,12,19,23
7/18/2012,game-2639,16,18,19,29,38,9
7/21/2012,game-2640,8,19,23,24,30,23
7/25/2012,game-2641,3,8,17,20,44,23
7/28/2012,game-2642,14,19,22,36,40,3
8/1/2012,game-2643,2,11,36,40,45,13
8/4/2012,game-2644,5,18,28,43,44,24
8/8/2012,game-2645,6,22,31,36,43,18
8/11/2012,game-2646,6,19,39,40,43,24
8/15/2012,game-2647,2,18,23,24,39,5
8/18/2012,game-2648,4,18,19,42,43,25
8/22/2012,game-2649,4,11,22,34,40,9
8/25/2012,game-2650,4,7,11,15,38,4
8/29/2012,game-2651,19,26,32,34,42,1
9/1/2012,game-2652,14,17,31,42,47,13
9/5/2012,game-2653,5,10,12,20,29,25
9/8/2012,game-2654,4,6,22,29,47,27
9/12/2012,game-2655,7,8,14,23,41,13
9/15/2012,game-2656,1,6,7,19,36,16
9/19/2012,game-2657,5,11,28,34,39,15
9/22/2012,game-2658,4,7,13,28,34,4
9/26/2012,game-2659,13,18,31,38,44,25
9/29/2012,game-2660,3,4,27,30,39,3
10/3/2012,game-2661,8,12,13,29,36,10
10/6/2012,game-2662,3,9,15,17,31,25
10/10/2012,game-2663,21,35,40,44,47,11
10/13/2012,game-2664,4,5,25,43,45,25
10/17/2012,game-2665,4,19,25,40,42,3
10/20/2012,game-2666,20,22,26,27,43,16
10/24/2012,game-2667,20,26,36,41,42,16
10/27/2012,game-2668,5,14,36,38,47,18
10/31/2012,game-2669,9,16,29,31,40,20
11/3/2012,game-2670,11,14,20,36,39,11
11/7/2012,game-2671,13,25,29,40,46,21
11/10/2012,game-2672,12,14,22,32,46,24
11/14/2012,game-2673,11,15,25,31,32,18
11/17/2012,game-2674,8,9,16,22,26,15
11/21/2012,game-2675,1,2,7,19,47,14
11/24/2012,game-2676,2,11,12,26,42,7
11/28/2012,game-2677,2,9,13,21,46,23
12/1/2012,game-2678,4,17,18,32,46,24
12/5/2012,game-2679,11,15,17,30,37,11
12/8/2012,game-2680,17,24,30,33,45,22
12/12/2012,game-2681,1,36,41,44,47,10
12/15/2012,game-2682,11,15,24,26,28,10
12/19/2012,game-2683,6,9,11,28,45,7
12/22/2012,game-2684,7,12,20,32,39,20
12/26/2012,game-2685,2,9,24,33,37,1
12/29/2012,game-2686,6,9,20,28,33,19
1/2/2013,game-2687,4,6,22,24,29,18
1/5/2013,game-2688,2,14,15,37,43,23
1/9/2013,game-2689,3,8,18,40,45,26
1/12/2013,game-2690,10,11,27,34,39,27
1/16/2013,game-2691,26,30,32,37,45,16
1/19/2013,game-2692,5,10,26,28,43,9
1/23/2013,game-2693,8,16,22,30,33,4
1/26/2013,game-2694,4,10,23,24,44,23
1/30/2013,game-2695,7,22,35,36,37,4
2/2/2013,game-2696,7,12,15,17,37,25
2/6/2013,game-2697,1,8,12,32,41,21
2/9/2013,game-2698,16,32,35,40,47,24
2/13/2013,game-2699,16,17,20,32,36,10
2/16/2013,game-2700,13,14,19,35,45,20
2/20/2013,game-2701,8,14,32,35,37,4
2/23/2013,game-2702,8,28,32,43,44,11
2/27/2013,game-2703,5,6,12,15,39,18
3/2/2013,game-2704,5,10,26,43,44,16
3/6/2013,game-2705,1,2,3,22,34,8
3/9/2013,game-2706,3,11,21,36,47,7
3/13/2013,game-2707,22,23,34,40,42,9
3/16/2013,game-2708,14,23,28,30,35,24
3/20/2013,game-2709,8,11,13,22,26,18
3/23/2013,game-2710,4,11,21,26,46,6
3/27/2013,game-2711,4,10,29,36,44,17
3/30/2013,game-2712,5,22,28,37,43,19
4/3/2013,game-2713,15,21,25,31,44,27
4/6/2013,game-2714,20,21,32,37,41,22
4/10/2013,game-2715,9,18,37,41,42,3
4/13/2013,game-2716,12,14,29,39,41,26
4/17/2013,game-2717,1,3,5,23,29,15
4/20/2013,game-2718,3,15,26,32,39,6
4/24/2013,game-2719,5,25,32,33,46,26
4/27/2013,game-2720,21,32,36,39,40,25
5/1/2013,game-2721,9,14,16,18,19,24
5/4/2013,game-2722,11,13,15,17,26,26
5/8/2013,game-2723,9,27,28,34,47,6
5/11/2013,game-2724,30,31,32,34,39,6
5/15/2013,game-2725,13,17,18,33,46,7
5/18/2013,game-2726,7,12,30,40,47,16
5/22/2013,game-2727,19,24,32,45,47,14
5/25/2013,game-2728,2,11,12,25,32,26
5/29/2013,game-2729,12,36,37,44,47,13
6/1/2013,game-2730,6,9,10,25,45,4
6/5/2013,game-2731,5,8,28,35,39,8
6/8/2013,game-2732,10,23,30,38,43,8
6/12/2013,game-2733,30,38,41,42,43,22
6/15/2013,game-2734,30,33,41,44,47,7
6/19/2013,game-2735,3,5,32,34,36,20
6/22/2013,game-2736,9,23,25,27,34,12
6/26/2013,game-2737,4,20,26,31,36,22
6/29/2013,game-2738,6,26,30,41,44,8
7/3/2013,game-2739,14,35,36,40,47,6
7/6/2013,game-2740,2,18,20,21,45,24
7/10/2013,game-2741,1,2,3,28,38,21
7/13/2013,game-2742,1,2,6,25,40,19
7/17/2013,game-2743,12,17,22,25,37,24
7/20/2013,game-2744,10,13,27,33,34,23
7/24/2013,game-2745,10,22,34,37,47,23
7/27/2013,game-2746,18,20,30,40,42,15
7/31/2013,game-2747,15,17,29,32,41,23
8/3/2013,game-2748,12,32,39,46,47,5
8/7/2013,game-2749,21,29,31,35,45,2
8/10/2013,game-2750,5,7,14,44,46,27
8/14/2013,game-2751,1,7,15,31,43,3
8/17/2013,game-2752,5,8,19,21,37,12
8/21/2013,game-2753,17,29,36,41,43,17
8/24/2013,game-2754,1,15,35,40,45,23
8/28/2013,game-2755,9,25,40,44,47,15
8/31/2013,game-2756,4,18,24,33,47,1
9/4/2013,game-2757,12,19,22,37,45,15
9/7/2013,game-2758,25,28,35,45,47,20
9/11/2013,game-2759,3,5,14,40,46,2
9/14/2013,game-2760,7,15,17,33,35,22
9/18/2013,game-2761,4,7,10,25,41,10
9/21/2013,game-2762,10,15,25,36,46,18
9/25/2013,game-2763,5,14,22,25,26,8
9/28/2013,game-2764,6,22,29,44,46,9
10/2/2013,game-2765,23,30,37,38,45,22
10/5/2013,game-2766,13,22,33,46,47,24
10/9/2013,game-2767,1,32,33,38,43,16
10/12/2013,game-2768,5,7,13,31,43,20
10/16/2013,game-2769,9,19,32,40,47,6
10/19/2013,game-2770,4,21,33,38,41,6
10/23/2013,game-2771,4,16,28,35,45,1
10/26/2013,game-2772,11,25,33,35,41,10
10/30/2013,game-2773,3,12,33,44,47,22
11/2/2013,game-2774,2,15,23,32,39,12
11/6/2013,game-2775,3,4,8,13,43,6
11/9/2013,game-2776,7,14,34,41,46,1
11/13/2013,game-2777,1,9,13,34,46,13
11/16/2013,game-2778,18,19,27,29,45,15
11/20/2013,game-2779,1,3,26,29,37,6
11/23/2013,game-2780,9,17,22,32,47,3
11/27/2013,game-2781,6,7,30,41,43,11
11/30/2013,game-2782,2,11,13,16,22,23
12/4/2013,game-2783,7,24,28,43,46,13
12/7/2013,game-2784,3,17,23,37,47,22
12/11/2013,game-2785,2,18,27,36,37,6
12/14/2013,game-2786,10,12,18,22,31,2
12/18/2013,game-2787,14,16,17,24,33,2
12/21/2013,game-2788,2,32,43,46,47,7
12/25/2013,game-2789,8,23,26,33,40,14
12/28/2013,game-2790,4,23,27,28,33,16
1/1/2014,game-2791,3,9,19,24,42,16
1/4/2014,game-2792,1,10,14,35,47,11
1/8/2014,game-2793,16,17,21,26,37,2
1/11/2014,game-2794,5,9,11,35,43,4
1/15/2014,game-2795,9,21,34,43,46,21
1/18/2014,game-2796,16,23,25,35,47,13
1/22/2014,game-2797,1,7,31,42,44,24
1/25/2014,game-2798,5,7,13,38,43,11
1/29/2014,game-2799,5,9,17,29,33,1
2/1/2014,game-2800,9,14,15,16,44,24
2/5/2014,game-2801,34,39,40,45,47,18
2/8/2014,game-2802,12,14,39,43,45,19
2/12/2014,game-2803,10,19,28,32,39,18
2/15/2014,game-2804,8,21,24,28,38,1
2/19/2014,game-2805,10,15,22,24,31,1
2/22/2014,game-2806,9,22,29,32,39,23
2/26/2014,game-2807,5,7,17,20,23,23
3/1/2014,game-2808,4,10,20,30,35,13
3/5/2014,game-2809,6,32,33,43,44,16
3/8/2014,game-2810,1,16,26,45,46,5
3/12/2014,game-2811,4,23,25,33,42,15
3/15/2014,game-2812,10,20,21,23,36,7
3/19/2014,game-2813,3,9,13,20,28,24
3/22/2014,game-2814,8,30,35,38,41,27
3/26/2014,game-2815,3,8,26,37,46,18
3/29/2014,game-2816,12,20,24,30,42,7
4/2/2014,game-2817,7,8,23,37,42,23
4/5/2014,game-2818,2,13,29,33,41,19
4/9/2014,game-2819,1,5,13,35,46,14
4/12/2014,game-2820,2,12,20,27,38,5
4/16/2014,game-2821,11,16,23,38,39,20
4/19/2014,game-2822,5,30,31,32,46,7
4/23/2014,game-2823,2,18,19,25,36,10
4/26/2014,game-2824,15,16,24,29,35,6
4/30/2014,game-2825,7,14,16,22,28,20
5/3/2014,game-2826,5,9,25,31,46,26
5/7/2014,game-2827,4,6,16,27,39,10
5/10/2014,game-2828,14,20,21,25,31,25
5/14/2014,game-2829,8,12,15,28,33,26
5/17/2014,game-2830,2,4,20,24,27,10
5/21/2014,game-2831,6,12,36,39,44,2
5/24/2014,game-2832,11,13,23,27,29,10
5/28/2014,game-2833,4,14,19,36,41,3
5/31/2014,game-2834,4,8,15,41,44,2
6/4/2014,game-2835,7,11,24,37,47,1
6/7/2014,game-2836,1,3,8,25,40,8
6/11/2014,game-2837,3,15,23,25,38,7
6/14/2014,game-2838,5,16,20,29,42,5
6/18/2014,game-2839,1,31,32,34,47,10
6/21/2014,game-2840,13,16,18,29,39,3
6/25/2014,game-2841,4,15,33,40,45,4
6/28/2014,game-2842,18,27,29,38,42,24
7/2/2014,game-2843,16,34,42,44,46,9
7/5/2014,game-2844,3,11,12,26,27,10
7/9/2014,game-2845,7,20,30,34,45,15
7/12/2014,game-2846,11,15,18,23,28,12
7/16/2014,game-2847,3,5,6,14,34,17
7/19/2014,game-2848,7,15,18,26,39,19
7/23/2014,game-2849,2,9,33,36,37,12
7/26/2014,game-2850,16,22,26,31,36,13
7/30/2014,game-2851,4,11,25,33,40,6
8/2/2014,game-2852,6,16,22,27,32,3
8/6/2014,game-2853,2,29,32,37,38,26
8/9/2014,game-2854,8,13,14,16,33,4
8/13/2014,game-2855,14,18,20,27,46,18
8/16/2014,game-2856,12,13,22,27,28,3
8/20/2014,game-2857,9,11,14,18,36,25
8/23/2014,game-2858,13,23,25,38,43,23
8/27/2014,game-2859,1,2,6,29,33,14
8/30/2014,game-2860,9,15,31,32,46,14
9/3/2014,game-2861,12,18,21,26,41,10
9/6/2014,game-2862,6,23,33,36,41,14
9/10/2014,game-2863,10,12,15,31,46,23
9/13/2014,game-2864,36,37,38,41,47,5
9/17/2014,game-2865,6,7,13,39,46,18
9/20/2014,game-2866,2,7,12,15,38,3
9/24/2014,game-2867,17,23,28,33,42,1
9/27/2014,game-2868,1,3,6,42,47,1
10/1/2014,game-2869,2,6,7,15,37,10
10/4/2014,game-2870,8,12,27,33,35,27
10/8/2014,game-2871,1,14,34,42,44,21
10/11/2014,game-2872,3,5,6,15,18,21
10/15/2014,game-2873,2,8,18,22,33,13
10/18/2014,game-2874,9,12,15,23,40,16
10/22/2014,game-2875,2,20,25,32,33,26
10/25/2014,game-2876,1,18,22,38,44,26
10/29/2014,game-2877,12,13,32,38,41,16
11/1/2014,game-2878,3,12,21,24,42,7
11/5/2014,game-2879,1,15,21,24,26,26
11/8/2014,game-2880,19,21,24,25,32,18
11/12/2014,game-2881,10,20,34,36,47,21
11/15/2014,game-2882,4,7,34,41,43,25
11/19/2014,game-2883,8,29,37,43,47,23
11/22/2014,game-2884,2,4,8,9,18,2
11/26/2014,game-2885,3,10,20,28,32,12
11/29/2014,game-2886,5,30,37,45,47,21
12/3/2014,game-2887,9,19,23,37,47,23
12/6/2014,game-2888,20,30,38,44,45,20
12/10/2014,game-2889,1,3,13,25,39,8
12/13/2014,game-2890,3,7,19,25,42,5
12/17/2014,game-2891,6,7,14,21,26,22
12/20/2014,game-2892,5,7,21,31,33,12
12/24/2014,game-2893,3,6,8,22,38,26
12/27/2014,game-2894,3,7,19,29,32,26
12/31/2014,game-2895,8,15,29,35,45,18
1/3/2015,game-2896,6,14,15,28,44,26
1/7/2015,game-2897,11,19,30,36,38,7
1/10/2015,game-2898,1,5,16,24,30,7
1/14/2015,game-2899,5,14,16,19,36,23
1/17/2015,game-2900,14,19,29,32,42,27
1/21/2015,game-2901,4,15,26,27,39,3
1/24/2015,game-2902,1,15,23,24,30,7
1/28/2015,game-2903,2,10,36,43,46,23
1/31/2015,game-2904,3,19,20,32,36,11
2/4/2015,game-2905,1,2,12,19,45,8
2/7/2015,game-2906,6,20,23,24,29,25
2/11/2015,game-2907,10,26,38,43,46,24
2/14/2015,game-2908,8,9,18,22,31,27
2/18/2015,game-2909,24,28,29,32,44,2
2/21/2015,game-2910,13,18,21,31,38,21
2/25/2015,game-2911,11,29,35,36,39,10
2/28/2015,game-2912,18,33,34,36,45,17
3/4/2015,game-2913,15,23,32,36,39,20
3/7/2015,game-2914,15,19,22,43,46,7
3/11/2015,game-2915,7,28,32,44,47,4
3/14/2015,game-2916,13,17,18,22,37,24
3/18/2015,game-2917,1,3,12,15,26,19
3/21/2015,game-2918,2,21,28,39,45,4
3/25/2015,game-2919,3,5,10,25,47,7
3/28/2015,game-2920,7,9,24,29,41,27
4/1/2015,game-2921,2,6,12,34,46,27
4/4/2015,game-2922,1,4,20,27,36,15
4/8/2015,game-2923,9,20,26,27,47,26
4/11/2015,game-2924,6,13,16,27,42,4
4/15/2015,game-2925,3,5,6,14,38,10
4/18/2015,game-2926,7,22,36,38,45,7
4/22/2015,game-2927,7,11,35,39,42,18
4/25/2015,game-2928,4,10,15,40,47,11
4/29/2015,game-2929,5,24,25,34,47,3
5/2/2015,game-2930,23,31,34,36,45,4
5/6/2015,game-2931,11,14,35,40,43,9
5/9/2015,game-2932,8,24,41,44,47,23
5/13/2015,game-2933,12,18,28,38,43,20
5/16/2015,game-2934,2,5,22,39,42,3
5/20/2015,game-2935,1,4,11,22,29,20
5/23/2015,game-2936,11,12,17,19,46,26
5/27/2015,game-2937,27,33,35,42,43,18
5/30/2015,game-2938,11,25,31,34,47,16
6/3/2015,game-2939,7,17,18,29,40,13
6/6/2015,game-2940,16,22,23,39,42,25
6/10/2015,game-2941,1,39,43,44,47,10
6/13/2015,game-2942,14,15,33,38,41,27
6/17/2015,game-2943,7,20,32,33,37,9
6/20/2015,game-2944,4,12,31,33,34,14
6/24/2015,game-2945,27,29,30,37,44,8
6/27/2015,game-2946,1,5,16,21,35,13
7/1/2015,game-2947,7,14,29,34,37,10
7/4/2015,game-2948,17,19,23,30,43,6
7/8/2015,game-2949,6,25,34,41,45,10
7/11/2015,game-2950,18,23,33,34,39,10
7/15/2015,game-2951,1,11,17,26,44,18
7/18/2015,game-2952,4,22,24,31,43,1
7/22/2015,game-2953,1,3,34,35,36,24
7/25/2015,game-2954,9,19,21,24,45,27
7/29/2015,game-2955,13,15,33,35,36,15
8/1/2015,game-2956,1,3,6,17,28,2
8/5/2015,game-2957,10,15,16,26,29,27
8/8/2015,game-2958,1,16,30,33,46,24
8/12/2015,game-2959,13,29,40,43,44,12
8/15/2015,game-2960,14,21,27,30,45,3
8/19/2015,game-2961,5,23,31,42,45,6
8/22/2015,game-2962,6,9,31,33,42,13
8/26/2015,game-2963,19,28,31,39,47,17
8/29/2015,game-2964,6,20,32,39,43,16
9/2/2015,game-2965,17,23,36,38,40,8
9/5/2015,game-2966,4,22,39,44,47,9
9/9/2015,game-2967,9,15,18,21,22,26
9/12/2015,game-2968,4,10,15,33,46,15
9/16/2015,game-2969,6,8,21,34,35,25
9/19/2015,game-2970,17,21,27,30,47,24
9/23/2015,game-2971,17,25,26,30,44,16
9/26/2015,game-2972,4,15,25,44,45,2
9/30/2015,game-2973,6,13,15,31,32,26
10/3/2015,game-2974,2,12,16,17,43,22
10/7/2015,game-2975,4,11,12,28,41,22
10/10/2015,game-2976,21,28,33,34,37,17
10/14/2015,game-2977,11,13,25,30,43,4
10/17/2015,game-2978,12,14,21,32,36,14
10/21/2015,game-2979,5,13,16,19,27,9
10/24/2015,game-2980,1,12,15,28,45,27
10/28/2015,game-2981,7,9,12,20,34,5
10/31/2015,game-2982,25,32,35,38,44,3
11/4/2015,game-2983,4,10,18,29,38,24
11/7/2015,game-2984,5,10,26,32,42,10
11/11/2015,game-2985,5,9,22,36,44,12
11/14/2015,game-2986,2,17,18,35,42,1
11/18/2015,game-2987,13,21,34,37,41,2
11/21/2015,game-2988,7,15,19,38,47,25
11/25/2015,game-2989,12,20,24,25,39,3
11/28/2015,game-2990,9,16,20,21,31,1
12/2/2015,game-2991,1,24,32,36,42,14
12/5/2015,game-2992,9,30,37,44,46,8
12/9/2015,game-2993,7,11,13,40,47,22
12/12/2015,game-2994,11,12,22,24,42,27
12/16/2015,game-2995,1,2,7,13,23,11
12/19/2015,game-2996,4,17,25,27,31,14
12/23/2015,game-2997,6,9,11,19,47,5
12/26/2015,game-2998,3,4,25,37,47,11
12/30/2015,game-2999,3,4,6,25,26,22
1/2/2016,game-3000,10,21,29,39,43,24
1/6/2016,game-3001,2,9,15,35,37,18
1/9/2016,game-3002,5,12,24,25,36,4
1/13/2016,game-3003,12,13,35,40,45,24
1/16/2016,game-3004,10,11,26,28,47,9
1/20/2016,game-3005,3,14,18,25,38,22
1/23/2016,game-3006,12,14,22,30,32,12
1/27/2016,game-3007,12,29,33,36,43,10
1/30/2016,game-3008,2,31,33,36,38,17
2/3/2016,game-3009,11,14,21,32,47,11
2/6/2016,game-3010,4,20,29,37,45,23
2/10/2016,game-3011,3,8,12,24,30,1
2/13/2016,game-3012,9,13,25,44,45,5
2/17/2016,game-3013,21,26,28,38,44,1
2/20/2016,game-3014,22,24,31,34,36,3
2/24/2016,game-3015,6,11,16,42,43,10
2/27/2016,game-3016,2,8,10,28,47,10
3/2/2016,game-3017,9,10,18,19,42,24
3/5/2016,game-3018,4,5,8,10,21,6
3/9/2016,game-3019,2,17,24,31,41,15
3/12/2016,game-3020,2,16,27,34,36,12
3/16/2016,game-3021,15,19,22,37,46,10
3/19/2016,game-3022,2,17,19,24,33,22
3/23/2016,game-3023,5,23,38,43,47,27
3/26/2016,game-3024,3,12,13,26,33,18
3/30/2016,game-3025,22,24,28,33,39,24
4/2/2016,game-3026,3,5,10,43,47,6
4/6/2016,game-3027,12,14,22,32,45,18
4/9/2016,game-3028,16,18,36,40,42,7
4/13/2016,game-3029,14,22,25,31,46,9
4/16/2016,game-3030,22,29,32,36,43,17
4/20/2016,game-3031,2,14,25,27,35,20
4/23/2016,game-3032,16,26,28,33,39,8
4/27/2016,game-3033,7,26,31,34,43,8
4/30/2016,game-3034,13,16,24,29,38,18
5/4/2016,game-3035,1,8,13,15,39,19
5/7/2016,game-3036,6,14,18,20,38,10
5/11/2016,game-3037,8,24,31,32,43,17
5/14/2016,game-3038,3,4,27,30,40,17
5/18/2016,game-3039,4,19,37,40,42,13
5/21/2016,game-3040,8,12,27,34,44,15
5/25/2016,game-3041,4,6,9,16,47,10
5/28/2016,game-3042,4,10,11,32,33,23
6/1/2016,game-3043,2,22,25,34,36,12
6/4/2016,game-3044,8,11,27,35,45,3
6/8/2016,game-3045,2,14,19,22,32,10
6/11/2016,game-3046,2,10,25,31,40,12
6/15/2016,game-3047,15,21,38,43,46,5
6/18/2016,game-3048,8,13,17,19,39,5
6/22/2016,game-3049,6,12,26,28,33,24
6/25/2016,game-3050,7,23,28,39,45,18
6/29/2016,game-3051,10,25,28,37,39,21
7/2/2016,game-3052,12,23,25,39,40,3
7/6/2016,game-3053,17,21,29,45,46,24
7/9/2016,game-3054,13,18,25,37,43,16
7/13/2016,game-3055,8,13,14,24,27,1
7/16/2016,game-3056,5,24,31,39,43,24
7/20/2016,game-3057,3,6,15,20,34,15
7/23/2016,game-3058,7,23,30,36,44,2
7/27/2016,game-3059,5,7,12,34,42,23
7/30/2016,game-3060,2,3,27,28,30,17
8/3/2016,game-3061,12,18,19,29,32,18
8/6/2016,game-3062,1,29,34,36,46,15
8/10/2016,game-3063,1,23,40,44,46,15
8/13/2016,game-3064,6,18,39,44,47,2
8/17/2016,game-3065,22,31,36,46,47,18
8/20/2016,game-3066,10,18,27,39,41,4
8/24/2016,game-3067,2,9,40,44,46,25
8/27/2016,game-3068,20,25,37,44,45,27
8/31/2016,game-3069,15,17,30,41,46,12
9/3/2016,game-3070,1,3,4,9,42,23
9/7/2016,game-3071,14,20,23,32,39,10
9/10/2016,game-3072,10,29,30,37,44,5
9/14/2016,game-3073,8,25,32,35,45,24
9/17/2016,game-3074,16,20,22,34,41,6
9/21/2016,game-3075,6,36,38,41,46,17
9/24/2016,game-3076,8,12,15,30,35,27
9/28/2016,game-3077,8,18,24,37,43,5
10/1/2016,game-3078,1,3,20,30,39,3
10/5/2016,game-3079,9,13,27,33,40,8
10/8/2016,game-3080,2,17,33,36,43,19
10/12/2016,game-3081,5,11,22,23,31,26
10/15/2016,game-3082,4,5,13,24,43,2
10/19/2016,game-3083,4,9,11,15,21,6
10/22/2016,game-3084,3,7,12,25,42,27
10/26/2016,game-3085,8,19,21,26,33,15
10/29/2016,game-3086,2,4,26,30,37,11
11/2/2016,game-3087,6,7,11,42,47,2
11/5/2016,game-3088,1,20,29,31,37,1
11/9/2016,game-3089,8,26,31,35,47,12
11/12/2016,game-3090,21,35,37,40,44,24
11/16/2016,game-3091,14,28,33,37,43,27
11/19/2016,game-3092,3,11,15,16,32,22
11/23/2016,game-3093,15,25,27,30,34,1
11/26/2016,game-3094,1,16,21,22,39,24
11/30/2016,game-3095,17,21,28,38,47,11
12/3/2016,game-3096,3,13,20,44,47,16
12/7/2016,game-3097,2,10,11,15,38,19
12/10/2016,game-3098,6,13,15,36,45,25
12/14/2016,game-3099,6,10,16,29,31,17
12/17/2016,game-3100,10,24,32,34,40,10
12/21/2016,game-3101,16,21,28,40,41,16
12/24/2016,game-3102,2,18,31,35,39,2
12/28/2016,game-3103,10,13,16,34,41,6
12/31/2016,game-3104,1,3,10,46,47,6
1/4/2017,game-3105,11,15,20,38,47,16
1/7/2017,game-3106,6,32,33,34,44,18
1/11/2017,game-3107,8,15,20,43,44,23
1/14/2017,game-3108,1,9,10,19,26,21
1/18/2017,game-3109,17,25,29,31,37,6
1/21/2017,game-3110,7,14,20,22,46,22
1/25/2017,game-3111,9,13,27,29,33,10
1/28/2017,game-3112,11,15,22,33,35,20
2/1/2017,game-3113,3,8,10,27,31,16
2/4/2017,game-3114,5,15,18,22,41,20
2/8/2017,game-3115,4,11,37,40,45,12
2/11/2017,game-3116,11,24,27,34,40,19
2/15/2017,game-3117,5,9,16,27,41,5
2/18/2017,game-3118,9,18,24,27,41,21
2/22/2017,game-3119,15,28,32,34,47,14
2/25/2017,game-3120,3,11,24,30,46,15
3/1/2017,game-3121,8,20,29,33,42,23
3/4/2017,game-3122,17,34,35,41,46,19
3/8/2017,game-3123,2,11,25,33,37,3
3/11/2017,game-3124,16,17,19,38,47,25
3/15/2017,game-3125,13,31,34,36,44,1
3/18/2017,game-3126,29,33,38,44,46,5
3/22/2017,game-3127,8,26,28,33,42,23
3/25/2017,game-3128,10,13,17,18,20,11
3/29/2017,game-3129,7,10,11,21,35,13
4/1/2017,game-3130,8,10,35,39,47,23
4/5/2017,game-3131,20,33,35,40,41,11
4/8/2017,game-3132,6,12,22,27,36,19
4/12/2017,game-3133,9,14,17,23,29,5
4/15/2017,game-3134,3,10,16,18,19,2
4/19/2017,game-3135,2,28,33,34,38,4
4/22/2017,game-3136,6,13,16,39,44,13
4/26/2017,game-3137,6,19,28,42,45,7
4/29/2017,game-3138,4,14,31,42,43,2
5/3/2017,game-3139,9,22,23,32,37,6
5/6/2017,game-3140,16,24,31,40,44,7
5/10/2017,game-3141,7,16,17,36,38,22
5/13/2017,game-3142,13,16,18,27,32,20
5/17/2017,game-3143,8,20,24,27,34,13
5/20/2017,game-3144,6,10,31,45,47,8
5/24/2017,game-3145,1,14,16,31,44,22
5/27/2017,game-3146,7,8,15,34,45,3
5/31/2017,game-3147,7,8,20,23,36,6
6/3/2017,game-3148,9,25,30,33,41,1
6/7/2017,game-3149,28,34,36,46,47,12
6/10/2017,game-3150,3,4,5,16,20,2
6/14/2017,game-3151,1,16,26,34,35,25
6/17/2017,game-3152,5,24,25,40,47,7
6/21/2017,game-3153,5,20,25,32,46,19
6/24/2017,game-3154,1,12,25,35,38,12
6/28/2017,game-3155,12,21,22,38,44,22
7/1/2017,game-3156,10,29,31,35,45,23
7/5/2017,game-3157,10,19,22,29,42,4
7/8/2017,game-3158,3,4,19,27,45,22
7/12/2017,game-3159,9,14,34,35,36,27
7/15/2017,game-3160,8,24,26,32,44,11
7/19/2017,game-3161,6,7,17,29,46,11
7/22/2017,game-3162,17,24,35,36,38,9
7/26/2017,game-3163,10,15,19,22,27,19
7/29/2017,game-3164,8,14,16,38,39,16
8/2/2017,game-3165,11,36,37,41,47,25
8/5/2017,game-3166,6,9,19,27,38,15
8/9/2017,game-3167,20,28,29,30,31,17
8/12/2017,game-3168,10,27,28,34,41,7
8/16/2017,game-3169,23,31,34,43,47,19
8/19/2017,game-3170,8,14,21,27,47,25
8/23/2017,game-3171,7,8,20,27,35,7
8/26/2017,game-3172,1,4,13,27,45,16
8/30/2017,game-3173,21,22,35,38,47,22
9/2/2017,game-3174,1,3,15,30,41,12
9/6/2017,game-3175,13,25,31,43,47,14
9/9/2017,game-3176,14,15,22,36,46,21
9/13/2017,game-3177,2,12,16,32,44,2
9/16/2017,game-3178,4,5,7,26,33,19
9/20/2017,game-3179,4,36,38,40,46,21
9/23/2017,game-3180,4,6,8,13,46,6
9/27/2017,game-3181,2,8,12,37,44,12
9/30/2017,game-3182,10,21,30,42,46,3
10/4/2017,game-3183,21,24,27,30,39,22
10/7/2017,game-3184,16,18,24,41,47,23
10/11/2017,game-3185,17,32,33,38,43,27
10/14/2017,game-3186,3,6,20,40,41,16
10/18/2017,game-3187,5,10,24,33,35,13
10/21/2017,game-3188,4,18,27,36,47,15
10/25/2017,game-3189,5,29,36,37,44,8
10/28/2017,game-3190,8,12,24,30,37,6
11/1/2017,game-3191,22,26,43,44,47,24
11/4/2017,game-3192,5,8,29,32,41,25
11/8/2017,game-3193,16,17,22,38,41,3
11/11/2017,game-3194,4,16,21,39,47,8
11/15/2017,game-3195,18,20,21,38,45,9
11/18/2017,game-3196,19,34,42,43,46,20
11/22/2017,game-3197,8,27,32,40,42,3
11/25/2017,game-3198,13,17,21,25,46,19
11/29/2017,game-3199,3,7,26,27,33,6
12/2/2017,game-3200,7,18,33,40,42,7
12/6/2017,game-3201,1,2,7,12,24,23
12/9/2017,game-3202,8,19,34,41,45,21
12/13/2017,game-3203,11,14,15,19,39,15
12/16/2017,game-3204,4,17,21,37,44,17
12/20/2017,game-3205,1,7,13,27,29,26
12/23/2017,game-3206,1,4,7,34,40,1
12/27/2017,game-3207,1,8,14,24,41,10
12/30/2017,game-3208,25,27,30,32,37,3
1/3/2018,game-3209,18,24,27,31,35,15
1/6/2018,game-3210,4,15,21,24,39,6
1/10/2018,game-3211,19,36,37,44,46,23
1/13/2018,game-3212,3,24,28,33,40,27
1/17/2018,game-3213,3,8,18,31,36,7
1/20/2018,game-3214,16,22,25,41,44,3
1/24/2018,game-3215,10,25,29,41,43,20
1/27/2018,game-3216,5,8,19,40,45,1
1/31/2018,game-3217,4,6,19,21,32,24
2/3/2018,game-3218,10,29,41,45,46,10
2/7/2018,game-3219,7,15,18,20,24,1
2/10/2018,game-3220,27,32,33,41,42,7
2/14/2018,game-3221,8,15,23,26,46,21
2/17/2018,game-3222,19,27,34,36,39,17
2/21/2018,game-3223,10,25,31,43,45,6
2/24/2018,game-3224,6,15,22,29,38,24
2/28/2018,game-3225,6,7,9,14,25,13
3/3/2018,game-3226,6,24,42,43,45,9
3/7/2018,game-3227,7,10,12,19,37,8
3/10/2018,game-3228,17,19,30,31,42,25
3/14/2018,game-3229,4,9,18,24,32,3
3/17/2018,game-3230,10,11,16,25,35,6
3/21/2018,game-3231,6,14,20,25,42,1
3/24/2018,game-3232,1,9,15,22,43,3
