3/10/1984,,2,4,11,15,28,16
3/17/1984,,8,13,14,23,30,6
3/24/1984,,5,13,24,35,45,10
3/31/1984,,10,12,18,30,36,6
4/7/1984,,1,2,5,23,45,11
4/14/1984,,1,4,37,45,46,16
4/21/1984,,6,12,26,36,38,27
4/28/1984,,17,25,36,38,40,15
5/5/1984,,1,3,26,40,44,26
5/12/1984,,8,23,38,40,41,23
5/19/1984,,8,11,19,26,28,16
5/26/1984,,23,30,34,43,46,13
6/2/1984,,13,23,26,39,41,14
6/9/1984,,24,27,28,42,46,18
6/16/1984,,4,12,16,27,41,1
6/23/1984,,12,13,35,44,47,17
6/30/1984,,6,9,31,39,44,24
7/7/1984,,14,19,33,41,44,9
7/14/1984,,5,16,20,21,44,17
7/21/1984,,6,8,9,14,47,20
7/28/1984,,2,16,22,31,34,10
8/4/1984,,11,17,34,36,47,1
8/11/1984,,16,32,38,43,46,8
8/18/1984,,6,7,10,20,42,13
8/25/1984,,2,6,10,27,32,9
9/1/1984,,5,7,10,12,19,15
9/8/1984,,4,30,36,43,45,15
9/15/1984,,4,6,11,29,32,11
9/22/1984,,26,35,37,39,45,6
9/29/1984,,9,13,16,22,35,23
10/6/1984,,2,6,25,30,46,18
10/13/1984,,14,15,39,46,47,21
10/20/1984,,1,5,6,9,33,22
10/27/1984,,2,5,14,15,34,2
11/3/1984,,4,6,7,15,36,7
11/10/1984,,8,14,28,31,33,7
11/17/1984,,5,7,16,19,29,26
11/24/1984,,3,10,20,28,37,20
12/1/1984,,2,4,24,30,38,24
12/8/1984,,2,14,15,36,45,8
12/15/1984,,1,14,21,33,46,9
12/22/1984,,3,16,26,27,32,24
12/29/1984,,3,20,27,34,47,15
1/5/1985,,7,15,17,30,44,13
1/12/1985,,5,24,34,35,47,22
1/19/1985,,9,24,25,29,40,4
1/26/1985,,6,9,15,24,32,9
2/2/1985,,8,16,17,39,40,18
2/9/1985,,7,12,24,26,34,23
2/16/1985,,5,7,14,19,25,4
2/23/1985,,31,34,36,37,47,26
3/2/1985,,3,21,32,36,44,4
3/9/1985,,2,19,24,26,43,11
3/16/1985,,11,22,36,42,46,4
3/23/1985,,12,15,16,29,39,23
3/30/1985,,21,38,42,44,46,24
4/6/1985,,6,9,10,11,26,22
4/13/1985,,5,30,38,41,46,15
4/20/1985,,6,11,13,18,27,19
4/27/1985,,26,27,32,44,45,27
5/4/1985,,2,7,28,30,38,6
5/11/1985,,3,4,29,30,35,13
5/18/1985,,3,14,15,19,45,19
5/25/1985,,2,12,15,24,43,9
6/1/1985,,9,14,22,25,38,25
6/8/1985,,16,23,27,28,39,19
6/15/1985,,3,5,15,32,42,4
6/22/1985,,1,3,25,30,35,24
6/29/1985,,8,23,25,26,35,13
7/6/1985,,11,12,16,29,38,4
7/13/1985,,19,30,34,41,44,9
7/20/1985,,6,17,24,36,41,1
7/27/1985,,4,36,37,42,43,1
8/3/1985,,3,16,20,25,45,19
8/10/1985,,20,23,31,33,46,25
8/17/1985,,3,8,23,29,44,1
8/24/1985,,1,3,5,41,46,9
8/31/1985,,1,8,19,33,34,23
9/7/1985,,8,17,29,32,45,11
9/14/1985,,12,24,25,28,30,16
9/21/1985,,9,11,12,20,22,23
9/28/1985,,1,6,15,20,30,17
10/5/1985,,3,10,13,33,35,18
10/12/1985,,1,4,19,43,46,15
10/19/1985,,4,6,19,20,40,10
10/26/1985,,16,22,30,37,47,22
11/2/1985,,13,24,25,33,43,16
11/9/1985,,2,4,25,39,42,4
11/16/1985,,5,7,28,30,31,8
11/23/1985,,11,12,15,19,29,25
11/30/1985,,2,12,14,35,37,13
12/7/1985,,1,7,12,25,33,3
12/14/1985,,1,14,19,21,43,8
12/21/1985,,8,14,27,32,40,23
12/28/1985,,6,10,23,30,33,13
1/4/1986,,5,12,13,36,47,9
1/11/1986,,4,14,17,30,34,23
1/18/1986,,10,14,34,43,44,14
1/25/1986,,1,3,6,9,19,14
2/1/1986,,23,28,34,36,45,9
2/8/1986,,7,12,32,39,43,8
2/15/1986,,3,10,18,22,30,26
2/22/1986,,12,13,22,32,38,21
3/1/1986,,7,19,31,44,45,9
3/8/1986,,2,13,16,41,45,20
3/15/1986,,1,6,18,33,36,2
3/22/1986,,9,13,26,32,47,6
3/29/1986,,2,5,19,29,42,17
4/5/1986,,2,8,31,32,46,13
4/12/1986,,3,22,43,44,45,8
4/19/1986,,1,5,15,37,45,16
4/26/1986,,11,21,30,41,46,16
5/3/1986,,6,16,32,33,47,1
5/10/1986,,9,18,36,38,47,14
5/17/1986,,1,8,35,39,44,16
5/24/1986,,5,19,31,35,44,12
5/31/1986,,5,26,32,33,37,5
6/7/1986,,15,20,24,27,43,20
6/14/1986,,6,32,34,39,46,18
6/21/1986,,5,13,34,36,46,2
6/28/1986,,12,22,29,37,43,7
7/5/1986,,2,9,12,30,44,18
7/12/1986,,3,5,16,19,39,14
7/19/1986,,14,16,20,41,45,24
7/26/1986,,1,18,20,45,46,5
8/2/1986,,24,26,29,35,38,23
8/9/1986,,26,28,34,37,43,23
8/16/1986,,3,4,20,40,45,26
8/23/1986,,5,16,22,26,33,22
8/30/1986,,16,21,34,41,47,17
9/6/1986,,26,27,31,43,45,3
9/13/1986,,10,11,33,39,40,25
9/20/1986,,3,9,13,24,30,12
9/27/1986,,1,4,37,38,41,15
10/4/1986,,2,14,24,44,46,10
10/11/1986,,4,16,28,35,41,17
10/18/1986,,3,14,24,26,47,6
10/25/1986,,5,9,27,38,46,8
11/1/1986,,4,38,39,40,44,17
11/8/1986,,4,16,26,32,35,2
11/15/1986,,8,11,29,43,44,10
11/22/1986,,15,18,28,36,43,6
11/29/1986,,5,8,11,21,40,17
12/6/1986,,15,29,30,46,47,24
12/13/1986,,23,32,38,41,42,27
12/20/1986,,9,10,27,28,41,14
12/27/1986,,14,28,29,31,42,3
1/3/1987,,24,32,33,36,45,18
1/10/1987,,9,32,34,43,46,22
1/17/1987,,14,19,34,37,42,26
1/24/1987,,4,14,30,38,40,19
1/31/1987,,4,14,29,31,46,1
2/7/1987,,14,15,28,39,47,22
2/14/1987,,23,24,30,36,37,20
2/21/1987,,2,18,36,43,45,16
2/28/1987,,10,16,20,43,45,20
3/7/1987,,19,20,26,34,46,22
3/14/1987,,3,10,29,30,37,20
3/21/1987,,3,15,24,30,46,8
3/28/1987,,4,25,29,36,44,18
4/4/1987,,10,16,24,32,37,22
4/11/1987,,3,9,18,26,33,9
4/18/1987,,3,9,15,26,39,6
4/25/1987,,10,12,20,28,42,1
5/2/1987,,3,4,12,17,39,3
5/9/1987,,23,28,29,38,39,11
5/16/1987,,7,10,28,29,30,21
5/23/1987,,20,24,27,28,47,15
5/30/1987,,16,19,20,28,46,24
6/6/1987,,1,7,24,44,45,23
6/13/1987,,1,14,23,24,43,3
6/20/1987,,1,21,29,35,47,16
6/27/1987,,1,21,30,33,45,21
7/4/1987,,13,17,20,41,46,2
7/11/1987,,3,32,36,42,46,24
7/18/1987,,8,22,28,37,43,6
7/25/1987,,1,4,19,28,46,4
8/1/1987,,6,11,31,32,39,20
8/8/1987,,11,17,40,46,47,25
8/15/1987,,6,27,38,39,41,27
8/22/1987,,13,26,29,37,42,7
8/29/1987,,13,28,34,43,44,11
9/5/1987,,2,3,10,27,46,16
9/12/1987,,22,24,25,26,46,19
9/19/1987,,1,10,28,30,34,10
9/26/1987,,2,8,25,42,46,8
10/3/1987,,11,14,32,33,45,9
10/10/1987,,5,12,33,41,46,27
10/17/1987,,8,12,13,30,44,8
10/24/1987,,18,28,33,39,42,12
10/31/1987,,5,14,20,25,36,1
11/7/1987,,17,24,34,38,43,21
11/14/1987,,9,12,17,24,45,17
11/21/1987,,8,13,17,19,37,25
11/28/1987,,4,8,11,13,44,9
12/5/1987,,3,10,24,29,30,22
12/12/1987,,1,15,27,28,30,16
12/19/1987,,5,14,32,40,43,11
12/26/1987,,39,40,45,46,47,11
1/2/1988,,9,10,25,26,40,8
1/9/1988,,5,21,24,33,45,22
1/16/1988,,4,14,28,40,45,24
1/23/1988,,2,7,21,30,35,22
1/30/1988,,1,2,4,16,34,10
2/6/1988,,7,9,17,35,47,9
2/13/1988,,1,5,9,30,39,11
2/20/1988,,1,4,15,30,34,23
2/27/1988,,7,23,25,33,35,15
3/5/1988,,4,6,23,44,45,1
3/12/1988,,26,38,40,41,42,11
3/19/1988,,2,7,33,35,40,4
3/26/1988,,2,11,14,33,35,15
4/2/1988,,8,10,14,17,46,8
4/9/1988,,7,25,27,40,45,14
4/16/1988,,4,8,16,26,33,21
4/23/1988,,4,5,18,23,36,13
4/30/1988,,7,14,15,26,36,13
5/7/1988,,8,10,16,21,27,16
5/14/1988,,5,11,27,28,39,20
5/21/1988,,3,13,17,27,39,20
5/28/1988,,16,24,26,30,44,10
6/4/1988,,15,18,27,31,34,21
6/11/1988,,2,18,32,44,45,3
6/18/1988,,3,11,20,42,45,3
6/25/1988,,2,4,31,32,46,21
7/2/1988,,11,20,23,35,37,26
7/9/1988,,5,16,25,34,44,3
7/16/1988,,10,29,32,41,43,11
7/23/1988,,6,12,18,24,25,5
7/30/1988,,1,3,4,11,19,1
8/6/1988,,6,10,19,38,43,21
8/13/1988,,6,9,17,27,35,24
8/20/1988,,12,15,16,24,46,12
8/27/1988,,5,6,8,18,24,7
9/3/1988,,13,14,32,34,47,13
9/10/1988,,9,15,16,36,46,16
9/17/1988,,3,5,20,29,41,26
9/24/1988,,16,20,30,43,46,22
10/1/1988,,10,18,23,27,41,22
10/8/1988,,8,32,37,38,43,25
10/15/1988,,13,17,22,24,42,19
10/22/1988,,6,21,34,35,40,7
10/29/1988,,4,16,19,27,36,7
11/5/1988,,4,12,14,28,42,7
11/12/1988,,5,18,21,33,39,11
11/19/1988,,2,3,14,18,24,23
11/26/1988,,8,11,15,25,37,27
12/3/1988,,7,8,20,22,29,10
12/10/1988,,17,22,24,25,38,18
12/17/1988,,9,13,38,42,47,26
12/24/1988,,3,11,25,35,38,18
12/31/1988,,6,9,32,43,44,23
1/7/1989,,2,5,17,22,43,10
1/14/1989,,2,13,21,22,28,9
1/21/1989,,2,11,27,36,43,9
1/28/1989,,1,8,16,29,47,27
2/4/1989,,7,10,21,41,47,4
2/11/1989,,6,8,13,27,45,14
2/18/1989,,5,8,13,20,46,3
2/25/1989,,9,25,28,39,47,1
3/4/1989,,8,24,29,36,41,13
3/11/1989,,8,19,32,39,45,8
3/18/1989,,3,17,29,32,35,14
3/25/1989,,9,22,24,30,47,13
4/1/1989,,9,18,31,39,43,20
4/8/1989,,21,29,32,33,38,2
4/15/1989,,11,22,30,41,45,1
4/22/1989,,7,9,16,24,36,5
4/29/1989,,13,15,20,32,33,10
5/6/1989,,9,23,28,41,47,7
5/13/1989,,14,16,21,38,41,14
5/20/1989,,6,21,22,40,45,10
5/27/1989,,8,17,29,35,44,1
6/3/1989,,8,18,19,24,32,20
6/10/1989,,7,9,18,23,45,12
6/17/1989,,2,4,5,20,47,26
6/24/1989,,4,6,21,36,46,11
7/1/1989,,23,28,32,41,47,26
7/8/1989,,5,14,26,30,33,5
7/15/1989,,6,10,37,38,42,4
7/22/1989,,12,26,27,38,43,18
7/29/1989,,14,15,20,35,44,26
8/5/1989,,1,5,9,29,38,25
8/12/1989,,15,24,26,32,37,18
8/19/1989,,13,23,37,38,40,9
8/26/1989,,8,12,23,25,26,1
9/2/1989,,3,5,8,24,39,19
9/9/1989,,13,15,17,29,38,2
9/16/1989,,4,5,12,18,37,23
9/23/1989,,11,33,38,42,46,26
9/30/1989,,9,17,22,30,36,13
10/7/1989,,3,4,20,33,44,24
10/14/1989,,10,11,12,19,44,20
10/21/1989,,2,4,16,31,43,11
10/28/1989,,2,6,7,8,15,14
11/4/1989,,4,13,21,35,38,16
11/11/1989,,8,14,25,27,46,14
11/18/1989,,1,2,6,27,34,23
11/25/1989,,12,14,18,31,46,7
12/2/1989,,16,21,26,32,36,20
12/9/1989,,21,33,37,44,45,22
12/16/1989,,1,9,29,31,35,3
12/23/1989,,9,12,21,26,36,27
12/30/1989,,17,19,24,35,42,20
1/6/1990,,21,26,28,35,46,13
1/13/1990,,17,20,29,38,40,4
1/20/1990,,2,7,20,42,45,26
1/27/1990,,4,11,12,15,36,10
2/3/1990,,13,14,31,42,43,6
2/10/1990,,6,18,26,28,46,17
2/17/1990,,4,5,34,38,42,23
2/24/1990,,5,21,23,27,38,24
3/3/1990,,2,5,35,43,47,12
3/10/1990,,2,3,8,23,36,9
3/17/1990,,4,7,9,19,31,6
3/24/1990,,19,20,22,41,45,18
3/31/1990,,33,36,41,42,43,14
4/7/1990,,8,11,29,40,42,6
4/14/1990,,9,17,22,25,28,10
4/21/1990,,1,5,11,13,18,22
4/28/1990,,4,9,13,38,44,13
5/5/1990,,14,16,21,30,34,10
5/12/1990,,2,5,20,23,46,15
5/19/1990,,18,23,25,37,44,25
5/26/1990,,31,35,36,42,44,24
6/2/1990,,8,18,24,38,42,22
6/9/1990,,19,20,23,26,34,12
6/16/1990,,7,18,21,22,45,9
6/23/1990,,6,12,25,26,42,7
6/30/1990,,6,20,30,35,46,20
7/7/1990,,20,26,32,34,35,24
7/14/1990,,12,19,22,31,34,7
7/21/1990,,2,19,24,31,33,19
7/28/1990,,3,15,26,27,29,23
8/4/1990,,6,7,24,31,47,10
8/11/1990,,8,18,28,41,42,21
8/18/1990,,6,13,21,40,47,9
8/25/1990,,3,25,28,46,47,12
9/1/1990,,1,16,25,27,32,12
9/8/1990,,16,20,28,31,41,19
9/15/1990,,7,20,27,34,43,6
9/22/1990,,1,3,15,35,36,23
9/29/1990,,4,7,26,38,47,23
10/6/1990,,7,25,27,40,44,17
10/13/1990,,10,21,24,32,33,9
10/20/1990,,4,13,26,31,46,26
10/27/1990,,5,18,23,24,31,13
11/3/1990,,9,15,18,37,41,14
11/10/1990,,3,5,34,35,38,11
11/17/1990,,1,2,7,28,45,18
11/24/1990,,8,14,16,24,33,8
12/1/1990,,2,5,18,25,41,2
12/8/1990,,6,9,17,29,32,12
12/15/1990,,7,18,32,43,47,10
12/22/1990,,14,28,35,39,43,14
12/29/1990,,15,18,20,29,41,8
1/5/1991,,2,16,28,33,34,27
1/12/1991,,5,13,21,35,46,5
1/19/1991,,7,11,21,25,35,1
1/26/1991,,1,6,28,29,38,24
2/2/1991,,4,11,13,16,26,20
2/9/1991,,5,12,13,25,28,15
2/16/1991,,1,11,17,19,31,10
2/23/1991,,17,18,22,39,42,1
3/2/1991,,3,18,30,32,35,23
3/9/1991,,1,12,20,38,46,5
3/16/1991,,17,20,25,37,43,11
3/23/1991,,6,20,26,36,46,27
3/30/1991,,4,18,24,33,35,27
4/6/1991,,6,21,22,35,38,20
4/13/1991,,9,10,19,30,41,24
4/20/1991,,12,14,17,34,47,26
4/27/1991,,10,12,18,23,30,2
5/4/1991,,5,9,13,16,21,4
5/11/1991,,9,28,32,40,42,2
5/18/1991,,3,6,23,28,30,19
5/25/1991,,1,2,4,34,36,22
6/1/1991,,1,3,6,16,36,19
6/8/1991,,6,7,13,15,33,12
6/15/1991,,3,9,25,33,38,18
6/22/1991,,11,14,20,26,47,26
6/29/1991,,33,35,36,45,47,13
7/6/1991,,3,9,20,26,42,23
7/13/1991,,7,9,12,24,35,12
7/20/1991,,10,22,24,28,41,5
7/27/1991,,21,22,31,36,45,10
8/3/1991,,16,25,26,29,33,1
8/10/1991,,9,13,19,20,21,9
8/17/1991,,18,22,27,28,29,2
8/24/1991,,13,28,43,44,45,15
8/31/1991,,2,17,29,44,47,5
9/7/1991,,3,7,9,29,40,11
9/14/1991,,4,20,23,29,41,5
9/21/1991,,11,23,30,35,40,18
9/28/1991,,1,3,22,36,44,18
10/5/1991,,8,22,30,33,38,20
10/12/1991,,17,21,30,36,44,20
10/19/1991,,6,9,24,40,42,26
10/26/1991,,10,36,39,44,47,14
11/2/1991,,12,13,14,17,47,20
11/9/1991,,23,35,40,45,47,3
11/16/1991,,13,22,23,29,47,11
11/23/1991,,1,6,19,45,46,27
11/30/1991,,13,15,32,33,42,5
12/7/1991,,9,13,26,31,36,17
12/14/1991,,6,10,22,36,43,20
12/21/1991,,1,14,22,34,44,15
12/28/1991,,3,20,27,34,37,11
1/4/1992,,12,22,25,42,45,4
1/11/1992,,1,5,11,28,38,5
1/18/1992,,3,11,13,16,33,11
1/25/1992,,34,35,38,39,45,26
2/1/1992,,3,7,11,17,43,20
2/8/1992,,5,7,31,36,44,2
2/15/1992,,12,20,33,38,42,6
2/22/1992,,11,21,32,40,47,25
2/29/1992,,3,14,22,35,43,15
3/7/1992,,3,11,16,42,46,5
3/14/1992,,2,13,15,21,46,4
3/21/1992,,4,18,29,31,38,20
3/28/1992,,21,28,30,33,35,6
4/4/1992,,15,21,23,27,37,11
4/11/1992,,8,12,13,14,18,18
4/18/1992,,6,29,30,41,43,15
4/25/1992,,5,23,34,45,47,4
5/2/1992,,1,7,9,24,32,15
5/9/1992,,13,14,19,21,30,15
5/16/1992,,2,6,13,25,47,12
5/23/1992,,7,29,40,44,46,2
5/30/1992,,7,11,20,30,35,4
6/6/1992,,12,14,40,41,43,12
6/13/1992,,9,15,26,30,43,20
6/20/1992,,5,12,17,34,39,5
6/27/1992,,3,33,37,42,45,17
7/4/1992,,1,24,27,35,43,12
7/11/1992,,8,11,16,22,46,16
7/18/1992,,2,13,32,34,35,20
7/25/1992,,9,23,26,28,47,13
8/1/1992,,4,23,26,28,39,5
8/8/1992,,11,16,19,20,34,18
8/15/1992,,2,12,14,30,44,17
8/22/1992,,17,18,28,33,39,19
8/29/1992,,5,9,29,36,41,13
9/5/1992,,6,14,22,25,31,7
9/12/1992,,7,10,29,35,40,21
9/19/1992,,8,11,15,29,36,14
9/26/1992,,7,22,28,30,37,11
10/3/1992,,11,22,24,31,39,22
10/10/1992,,16,18,23,34,45,14
10/17/1992,,16,26,33,35,45,6
10/24/1992,,20,22,28,42,46,14
10/31/1992,,7,13,16,37,38,14
11/7/1992,,9,18,31,42,45,26
11/14/1992,,9,17,21,35,45,6
11/21/1992,,8,11,20,22,45,18
11/28/1992,,1,28,29,40,43,20
12/5/1992,,1,10,31,45,47,17
12/12/1992,,15,17,23,33,45,15
12/19/1992,,10,14,30,38,42,22
12/26/1992,,1,16,29,35,41,9
1/2/1993,,2,14,35,37,47,7
1/9/1993,,18,22,26,38,40,9
1/16/1993,,4,5,28,34,38,9
1/23/1993,,5,10,11,14,32,6
1/30/1993,,16,23,36,44,47,10
2/6/1993,,2,8,22,39,44,16
2/13/1993,,1,3,12,28,47,9
2/20/1993,,2,21,23,36,45,9
2/27/1993,,4,5,9,20,34,23
3/6/1993,,1,15,30,39,47,19
3/13/1993,,1,6,14,33,36,10
3/20/1993,,1,5,13,18,42,12
3/27/1993,,1,7,10,28,40,2
4/3/1993,,19,21,24,35,41,21
4/10/1993,,18,20,32,34,44,12
4/17/1993,,6,10,26,30,34,26
4/24/1993,,1,5,6,17,43,5
5/1/1993,,25,34,35,41,42,18
5/8/1993,,9,11,32,41,42,2
5/15/1993,,12,15,23,32,37,18
5/22/1993,,3,17,20,28,44,21
5/29/1993,,3,7,29,30,41,10
6/5/1993,,2,9,27,30,45,13
6/12/1993,,5,10,20,36,38,4
6/19/1993,,2,3,27,28,46,24
6/26/1993,,10,19,30,41,45,9
7/3/1993,,2,9,13,20,44,27
7/10/1993,,11,29,30,34,43,13
7/17/1993,,5,6,7,17,23,23
7/24/1993,,21,30,31,37,39,5
7/31/1993,,7,12,16,26,40,21
8/7/1993,,2,5,20,22,47,11
8/14/1993,,4,10,15,23,39,26
8/21/1993,,7,9,23,30,40,5
8/28/1993,,8,10,19,21,30,27
9/4/1993,,19,26,33,38,46,1
9/11/1993,,1,12,30,38,40,2
9/18/1993,,6,7,17,38,46,4
9/25/1993,,1,2,6,38,41,27
10/2/1993,,10,16,27,41,43,21
10/9/1993,,9,23,26,31,36,10
10/16/1993,,3,11,18,41,43,6
10/23/1993,,1,22,25,36,43,17
10/30/1993,,8,13,16,19,43,6
11/6/1993,,21,22,26,29,39,16
11/13/1993,,12,15,17,19,44,18
11/20/1993,,34,38,42,43,45,19
11/27/1993,,2,19,21,23,43,2
12/4/1993,,7,13,15,28,31,9
12/11/1993,,10,11,16,22,29,25
12/18/1993,,4,6,17,29,31,8
12/25/1993,,11,15,28,36,37,15
1/1/1994,,7,16,20,44,45,18
1/8/1994,,12,14,19,43,47,19
1/15/1994,,2,5,21,25,38,11
1/22/1994,,15,16,40,42,43,16
1/29/1994,,12,16,25,31,45,20
2/5/1994,,3,8,17,18,22,2
2/12/1994,,4,15,23,26,47,23
2/19/1994,,5,19,35,38,46,13
2/26/1994,,2,8,22,29,47,22
3/5/1994,,14,15,39,42,45,11
3/12/1994,,21,24,34,40,45,26
3/19/1994,,2,7,20,39,42,5
3/26/1994,,34,40,42,44,45,12
4/2/1994,,5,25,28,36,42,8
4/9/1994,,4,6,7,34,39,9
4/16/1994,,18,25,27,31,33,19
4/23/1994,,13,23,25,30,44,10
4/30/1994,,8,9,21,31,33,11
5/7/1994,,1,5,6,18,35,15
5/14/1994,,21,23,26,27,35,12
5/21/1994,,6,8,13,30,32,9
5/28/1994,,13,17,22,31,40,6
6/4/1994,,13,24,35,37,40,20
6/11/1994,,14,15,22,29,36,5
6/18/1994,,5,8,17,21,35,21
6/25/1994,,1,3,20,34,45,27
7/2/1994,,3,12,31,39,47,7
7/9/1994,,12,29,32,35,43,1
7/16/1994,,1,13,21,32,41,7
7/23/1994,,17,25,42,44,45,24
7/30/1994,,16,19,21,31,42,9
8/6/1994,,3,8,16,22,35,17
8/13/1994,,16,21,27,38,40,23
8/20/1994,,7,18,20,22,42,9
8/27/1994,,2,8,13,23,27,15
9/3/1994,,11,15,18,35,46,18
9/10/1994,,11,24,25,26,41,17
9/17/1994,,5,11,12,19,39,10
9/24/1994,,5,13,22,35,40,20
10/1/1994,,7,10,25,28,31,23
10/8/1994,,3,30,34,37,41,18
10/15/1994,,7,13,23,28,33,2
10/22/1994,,2,17,28,37,45,5
10/29/1994,,2,19,33,35,40,8
11/5/1994,,8,13,19,22,40,17
11/12/1994,,13,27,36,43,44,7
11/19/1994,,2,25,33,39,44,11
11/26/1994,,8,30,39,42,46,8
12/3/1994,,10,12,30,34,39,19
12/10/1994,,12,18,36,39,45,5
12/17/1994,,9,10,23,33,34,22
12/24/1994,,1,11,16,29,39,13
12/31/1994,,5,13,34,40,46,6
1/7/1995,,3,14,15,27,41,17
1/14/1995,,5,7,21,30,34,24
1/21/1995,,4,10,11,12,32,13
1/28/1995,,13,15,22,30,38,20
2/4/1995,,4,5,15,32,42,2
2/11/1995,,5,7,11,24,38,19
2/18/1995,,4,17,43,44,47,21
2/25/1995,,7,16,19,32,36,24
3/4/1995,,12,19,26,30,45,6
3/11/1995,,4,5,6,31,44,21
3/18/1995,,34,38,40,44,46,18
3/25/1995,,3,15,23,32,39,27
4/1/1995,,8,10,23,36,47,20
4/8/1995,,24,30,34,37,43,27
4/15/1995,,7,22,23,26,40,25
4/22/1995,,3,4,20,39,40,3
4/29/1995,,20,28,38,42,43,27
5/6/1995,,5,15,19,20,35,20
5/13/1995,,5,17,29,32,39,3
5/20/1995,,6,24,25,36,43,17
5/27/1995,,4,23,25,36,46,13
6/3/1995,,4,7,10,16,17,24
6/10/1995,,2,17,33,41,43,5
6/17/1995,,7,14,20,21,47,24
6/24/1995,,3,9,13,27,33,13
7/1/1995,,20,24,25,27,44,6
7/8/1995,,1,3,4,21,25,3
7/15/1995,,2,3,6,9,35,1
7/22/1995,,4,12,20,32,36,10
7/29/1995,,8,10,18,31,36,15
8/5/1995,,10,13,27,43,46,23
8/12/1995,,10,16,21,25,34,1
8/19/1995,,6,21,36,39,46,3
8/26/1995,,3,16,22,31,42,18
9/2/1995,,4,8,9,21,29,12
9/9/1995,,3,16,20,30,34,13
9/16/1995,,3,11,21,29,46,5
9/23/1995,,2,10,15,27,41,2
9/30/1995,,4,20,34,35,44,22
10/7/1995,,1,2,4,6,35,17
10/14/1995,,4,21,27,34,38,25
10/21/1995,,7,21,27,32,41,3
10/28/1995,,14,19,26,36,40,20
11/4/1995,,11,27,34,39,43,21
11/11/1995,,24,29,31,34,46,26
11/18/1995,,7,31,32,36,41,18
11/25/1995,,5,13,15,20,45,8
12/2/1995,,12,19,23,34,47,19
12/9/1995,,1,13,15,18,31,15
12/16/1995,,13,24,31,33,39,27
12/23/1995,,7,12,21,43,46,16
12/30/1995,,2,9,11,27,28,27
1/6/1996,,6,20,27,37,43,22
1/13/1996,,5,6,42,44,45,15
1/20/1996,,3,8,28,40,42,11
1/27/1996,,7,26,27,35,38,14
2/3/1996,,15,23,28,38,40,18
2/10/1996,,7,15,22,41,45,11
2/17/1996,,9,14,20,24,30,26
2/24/1996,,9,15,23,39,44,2
3/2/1996,,7,10,17,19,29,20
3/9/1996,,1,11,14,30,31,12
3/16/1996,,7,19,20,31,42,13
3/23/1996,,9,12,36,38,41,5
3/30/1996,,6,9,10,22,25,4
4/6/1996,,15,22,26,27,37,23
4/13/1996,,4,20,36,41,44,13
4/20/1996,,4,10,15,17,29,22
4/27/1996,,1,17,19,32,43,25
5/4/1996,,2,9,12,20,34,16
5/11/1996,,21,31,37,41,47,11
5/18/1996,,9,16,20,32,45,8
5/25/1996,,15,27,33,34,44,20
6/1/1996,,9,15,22,36,44,13
6/8/1996,,13,18,21,46,47,23
6/15/1996,,2,10,13,18,20,21
6/22/1996,,1,16,28,32,45,3
6/29/1996,,1,2,8,16,32,10
7/6/1996,,6,19,23,35,40,20
7/13/1996,,7,10,13,19,35,12
7/20/1996,,10,12,34,37,47,8
7/27/1996,,6,10,26,32,37,3
8/3/1996,,7,23,25,34,41,27
8/10/1996,,11,14,23,28,43,18
8/17/1996,,5,10,24,26,38,23
8/24/1996,,15,19,27,31,34,2
8/31/1996,,11,15,22,42,46,6
9/7/1996,,24,41,43,44,46,22
9/14/1996,,7,10,11,12,25,15
9/21/1996,,9,10,23,26,37,27
9/28/1996,,17,24,30,31,36,12
10/5/1996,,3,22,24,32,39,22
10/12/1996,,10,14,39,42,46,1
10/19/1996,,10,16,21,28,29,3
10/26/1996,,15,20,22,27,47,18
11/2/1996,,12,15,32,43,45,11
11/9/1996,,5,15,21,29,44,4
11/16/1996,,1,4,20,29,30,17
11/23/1996,,5,12,13,35,47,14
11/30/1996,,7,15,23,27,44,19
12/7/1996,,6,10,11,27,28,4
12/14/1996,,6,11,30,39,46,16
12/21/1996,,7,14,27,35,40,15
12/28/1996,,9,10,19,25,43,12
1/4/1997,,13,26,29,31,33,9
1/11/1997,,10,13,21,30,46,6
1/18/1997,,12,20,25,35,43,17
1/25/1997,,18,20,32,34,40,7
2/1/1997,,10,25,26,35,45,23
2/8/1997,,2,14,30,40,44,10
2/15/1997,,6,9,18,20,37,10
2/22/1997,,11,12,21,30,40,10
3/1/1997,,2,17,19,30,39,12
3/8/1997,,1,4,17,36,42,24
3/15/1997,,4,6,7,17,23,16
3/22/1997,,7,12,20,25,33,7
3/29/1997,,10,14,40,42,47,21
4/5/1997,,6,12,21,26,36,10
4/12/1997,,6,17,18,30,46,2
4/19/1997,,1,21,30,39,40,4
4/26/1997,,4,13,26,27,47,21
5/3/1997,,8,15,31,42,46,6
5/10/1997,,8,27,28,33,40,15
5/17/1997,,6,10,20,42,45,21
5/24/1997,,7,16,18,29,46,19
5/31/1997,,22,24,31,33,40,22
6/7/1997,,18,19,34,38,42,17
6/14/1997,,3,10,33,36,43,10
6/21/1997,,11,13,18,21,36,16
6/28/1997,,7,14,17,18,32,21
7/5/1997,,7,21,32,37,46,25
7/12/1997,,18,20,31,32,33,4
7/19/1997,,24,26,30,32,45,26
7/26/1997,,12,15,37,39,47,5
8/2/1997,,1,21,39,45,46,9
8/9/1997,,31,32,36,39,46,18
8/16/1997,,13,19,24,28,37,26
8/23/1997,,3,9,13,26,42,2
8/30/1997,,1,15,21,28,34,14
9/6/1997,,5,25,26,39,41,25
9/13/1997,,3,6,8,17,32,2
9/20/1997,,4,15,17,20,35,23
9/27/1997,,6,17,27,36,41,3
10/4/1997,,10,15,23,30,38,3
10/11/1997,,9,16,29,43,46,14
10/18/1997,,8,11,26,36,41,25
10/25/1997,,3,7,18,33,40,2
11/1/1997,,17,18,22,26,35,10
11/8/1997,,6,15,25,39,47,17
11/15/1997,,5,13,19,27,33,19
11/22/1997,,4,27,29,34,38,16
11/29/1997,,2,5,14,34,36,9
12/6/1997,,2,12,20,36,46,15
12/13/1997,,13,14,26,36,40,2
12/20/1997,,6,14,16,24,41,10
12/27/1997,,3,5,12,20,24,6
1/3/1998,,1,16,18,34,38,17
1/10/1998,,16,17,24,25,46,10
1/17/1998,,7,9,24,38,42,16
1/24/1998,,5,8,24,33,44,5
1/31/1998,,2,17,25,39,43,8
2/7/1998,,4,15,20,32,40,2
2/14/1998,,1,3,17,25,44,17
2/21/1998,,4,21,26,35,37,24
2/28/1998,,11,17,18,27,43,18
3/7/1998,,8,16,17,27,31,6
3/14/1998,,17,23,28,33,45,20
3/21/1998,,1,11,15,17,33,3
3/28/1998,,4,24,35,36,38,26
4/4/1998,,10,15,23,24,29,19
4/11/1998,,2,28,29,31,35,18
4/18/1998,,2,21,31,38,44,4
4/25/1998,,1,2,15,30,37,1
5/2/1998,,15,22,25,32,35,22
5/9/1998,,6,34,35,36,39,13
5/16/1998,,22,23,28,32,39,14
5/23/1998,,3,5,18,33,35,1
5/30/1998,,1,16,24,41,42,12
6/6/1998,,3,19,23,36,39,8
6/13/1998,,12,19,27,43,44,20
6/20/1998,,4,9,11,15,25,18
6/27/1998,,19,20,28,32,47,27
7/4/1998,,2,33,36,39,46,7
7/11/1998,,6,10,11,15,21,27
7/18/1998,,2,8,16,23,42,7
7/25/1998,,1,18,24,25,37,4
8/1/1998,,24,34,37,39,40,12
8/8/1998,,15,18,24,25,45,12
8/15/1998,,21,27,29,38,40,11
8/22/1998,,17,18,19,31,33,16
8/29/1998,,5,14,22,39,47,10
9/5/1998,,6,13,15,34,41,20
9/12/1998,,21,30,34,37,39,5
9/19/1998,,7,23,24,30,45,5
9/26/1998,,2,10,20,26,46,16
10/3/1998,,9,12,21,33,42,17
10/10/1998,,8,11,13,15,19,27
10/17/1998,,4,14,16,40,42,23
10/24/1998,,15,21,30,37,39,20
10/31/1998,,7,13,27,31,41,19
11/7/1998,,19,27,31,44,47,22
11/14/1998,,3,5,11,26,43,5
11/21/1998,,9,17,18,25,34,22
11/28/1998,,2,4,29,32,47,26
12/5/1998,,7,16,18,20,35,19
12/12/1998,,8,11,18,37,46,15
12/19/1998,,8,9,13,22,24,26
12/26/1998,,5,9,10,20,25,5
1/2/1999,,12,13,14,16,31,15
1/9/1999,,15,33,38,44,45,4
1/16/1999,,14,31,39,45,47,27
1/23/1999,,1,14,21,35,36,7
1/30/1999,,7,20,26,31,47,10
2/6/1999,,3,30,36,38,43,26
2/13/1999,,8,12,21,31,39,25
2/20/1999,,14,23,33,38,40,27
2/27/1999,,6,15,18,24,35,21
3/6/1999,,2,9,16,25,36,11
3/13/1999,,5,10,13,33,34,22
3/20/1999,,17,18,26,31,38,19
3/27/1999,,16,21,26,39,42,14
4/3/1999,,2,3,7,14,38,20
4/10/1999,,14,27,30,44,46,3
4/17/1999,,2,6,16,33,35,5
4/24/1999,,12,26,27,28,29,24
5/1/1999,,5,14,22,24,30,25
5/8/1999,,3,15,18,40,41,4
5/15/1999,,14,36,37,41,45,26
5/22/1999,,1,10,23,41,43,8
5/29/1999,,9,15,34,39,40,10
6/5/1999,,7,18,22,30,43,5
6/12/1999,,21,25,28,34,42,10
6/19/1999,,2,23,29,32,42,20
6/26/1999,,10,18,28,40,47,22
7/3/1999,,10,11,16,35,43,9
7/10/1999,,2,20,30,31,46,27
7/17/1999,,23,30,34,39,41,1
7/24/1999,,2,19,23,45,46,16
7/31/1999,,22,25,33,41,45,9
8/7/1999,,2,6,17,41,45,1
8/14/1999,,2,25,33,35,41,10
8/21/1999,,15,22,23,40,42,15
8/28/1999,,17,22,35,36,47,25
9/4/1999,,4,10,20,34,47,19
9/11/1999,,14,17,18,19,41,26
9/18/1999,,10,16,19,21,39,15
9/25/1999,,4,11,22,29,31,12
10/2/1999,,14,15,23,31,40,7
10/9/1999,,4,5,16,43,47,20
10/16/1999,,8,9,10,28,35,9
10/23/1999,,1,11,18,19,34,13
10/30/1999,,5,7,21,29,43,22
11/6/1999,,2,6,7,24,31,3
11/13/1999,,5,17,23,42,43,19
11/20/1999,,15,19,20,34,40,17
11/27/1999,,5,13,14,27,37,9
12/4/1999,,3,5,6,19,25,20
12/11/1999,,6,21,22,34,38,14
12/18/1999,,4,12,17,20,31,20
12/25/1999,,13,14,34,35,40,16
1/1/2000,,8,10,22,33,44,10
1/8/2000,,17,26,35,42,45,4
1/15/2000,,11,20,24,25,33,23
1/22/2000,,7,19,29,37,43,22
1/29/2000,,13,24,35,41,46,5
2/5/2000,,1,13,20,30,44,20
2/12/2000,,2,4,19,31,42,12
2/19/2000,,3,4,10,28,39,26
2/26/2000,,6,8,11,25,29,4
3/4/2000,,7,22,25,33,44,3
3/11/2000,,4,23,29,33,44,5
3/18/2000,,14,30,31,39,42,15
3/25/2000,,7,9,26,28,37,18
4/1/2000,,11,20,27,30,44,13
4/8/2000,,10,29,30,33,41,18
4/15/2000,,5,17,30,41,44,14
4/22/2000,,10,14,17,29,41,26
4/29/2000,,20,21,33,40,44,2
5/6/2000,,7,22,27,28,32,20
5/13/2000,,2,13,41,44,46,26
5/20/2000,,19,20,28,32,47,22
5/27/2000,,10,12,19,22,35,16
6/3/2000,,10,29,33,40,41,19
6/10/2000,,2,6,9,33,36,20
6/17/2000,,7,9,14,28,41,11
6/24/2000,,3,11,12,25,29,21
7/1/2000,,1,3,6,12,47,22
7/8/2000,,6,11,17,38,41,25
7/15/2000,,9,11,14,24,39,17
7/22/2000,,8,12,23,32,39,25
7/29/2000,,6,16,25,26,36,19
8/5/2000,,3,8,10,30,37,13
8/12/2000,,13,22,29,43,47,4
8/19/2000,,10,18,20,36,42,25
8/26/2000,,2,4,13,20,41,22
9/2/2000,,5,7,11,20,22,11
9/9/2000,,6,7,34,35,47,23
9/16/2000,,7,25,27,32,36,12
9/23/2000,,6,13,19,21,41,16
9/30/2000,,19,26,27,40,47,21
10/7/2000,,12,23,33,37,44,5
10/14/2000,,1,6,20,40,41,18
10/21/2000,,4,7,21,31,32,26
10/28/2000,,5,13,15,20,36,24
11/4/2000,,8,15,25,33,42,23
11/11/2000,,6,13,17,18,25,9
11/18/2000,,25,30,33,37,38,1
11/25/2000,,7,10,23,24,40,26
12/2/2000,,9,11,27,36,39,10
12/9/2000,,13,15,26,27,36,10
12/16/2000,,3,24,25,43,45,20
12/23/2000,,3,20,28,29,41,14
12/30/2000,,3,11,28,30,38,12
1/6/2001,,10,26,31,32,40,23
1/13/2001,,7,16,35,40,47,24
1/20/2001,,2,22,37,42,45,19
1/27/2001,,8,18,27,29,39,23
2/3/2001,,13,17,18,20,46,6
2/10/2001,,1,12,17,20,21,25
2/17/2001,,6,7,37,41,47,13
2/24/2001,,4,6,21,32,36,3
3/3/2001,,14,15,19,25,34,8
3/10/2001,,15,26,29,37,45,22
3/17/2001,,30,33,38,46,47,11
3/24/2001,,20,22,25,32,45,12
3/31/2001,,20,34,41,42,46,26
4/7/2001,,10,15,16,46,47,22
4/14/2001,,7,10,23,26,40,26
4/21/2001,,14,19,22,32,38,1
4/28/2001,,3,13,29,40,42,9
5/5/2001,,5,14,37,44,47,25
5/12/2001,,17,30,35,40,41,2
5/19/2001,,25,29,30,31,38,25
5/26/2001,,1,19,39,44,45,8
6/2/2001,,8,17,20,26,38,19
6/9/2001,,6,15,21,29,37,10
6/16/2001,,5,22,25,29,35,7
6/23/2001,,8,13,21,26,41,20
6/30/2001,,4,34,35,38,43,17
7/7/2001,,4,23,33,35,45,14
7/14/2001,,14,23,24,25,44,18
7/21/2001,,4,11,15,23,34,26
7/28/2001,,15,26,29,40,42,25
8/4/2001,,1,6,10,23,40,18
8/11/2001,,25,27,30,32,38,2
8/18/2001,,1,13,19,23,25,12
8/25/2001,,8,16,21,28,29,1
9/1/2001,,5,6,12,24,44,12
9/8/2001,,17,34,39,40,46,4
9/15/2001,,8,15,34,38,47,2
9/22/2001,,22,31,36,43,45,16
9/29/2001,,26,37,38,44,45,9
10/6/2001,,7,28,34,38,45,6
10/13/2001,,3,7,23,31,36,16
10/20/2001,,12,14,27,29,30,27
10/27/2001,,4,7,17,31,33,1
11/3/2001,,8,18,21,41,46,24
11/10/2001,,12,18,19,21,30,4
11/17/2001,,2,4,12,34,46,16
11/24/2001,,7,18,34,35,43,25
12/1/2001,,13,18,29,35,41,19
12/8/2001,,5,6,20,36,44,18
12/15/2001,,6,26,36,40,46,19
12/22/2001,,2,5,8,21,32,20
12/29/2001,,1,20,29,34,38,27
1/5/2002,,23,24,26,28,29,11
1/12/2002,,6,7,26,42,43,1
1/19/2002,,11,15,26,32,42,18
1/26/2002,,5,19,27,36,42,27
2/2/2002,,2,6,27,35,36,1
2/9/2002,,7,15,23,38,39,21
2/16/2002,,5,7,8,14,35,26
2/23/2002,,22,23,31,39,47,3
3/2/2002,,3,12,18,36,43,15
3/9/2002,,12,29,31,37,47,3
3/16/2002,,9,11,20,30,36,11
3/23/2002,,6,11,29,31,44,1
3/30/2002,,16,21,24,30,44,6
4/6/2002,,16,23,35,40,41,12
4/13/2002,,3,13,18,23,37,25
4/20/2002,,7,15,25,27,42,24
4/27/2002,,10,15,17,37,38,17
5/4/2002,,1,6,11,17,33,13
5/11/2002,,3,8,18,22,31,2
5/18/2002,,12,18,21,24,28,26
5/25/2002,,1,3,6,25,41,10
6/1/2002,,10,23,24,34,40,20
6/8/2002,,26,31,32,43,45,18
6/15/2002,,4,12,20,36,47,13
6/22/2002,,8,12,19,25,39,17
6/29/2002,,6,13,18,26,39,24
7/6/2002,,22,23,27,28,41,17
7/13/2002,,23,31,40,44,46,10
7/20/2002,,5,8,29,36,47,23
7/27/2002,,7,9,25,29,47,24
8/3/2002,,20,25,29,35,41,25
8/10/2002,,5,6,16,26,32,22
8/17/2002,,6,7,18,36,42,23
8/24/2002,,6,13,14,36,37,12
8/31/2002,,9,13,27,41,42,27
9/7/2002,,2,5,17,25,33,18
9/14/2002,,2,27,37,41,47,26
9/21/2002,,5,24,30,41,47,15
9/28/2002,,5,17,18,22,28,10
10/5/2002,,6,17,33,44,46,18
10/12/2002,,1,4,22,41,42,13
10/19/2002,,7,13,34,39,47,3
10/26/2002,,4,18,20,23,39,14
11/2/2002,,13,25,29,45,46,5
11/9/2002,,1,8,18,26,44,4
11/16/2002,,2,6,11,16,43,12
11/23/2002,,12,13,26,30,38,24
11/30/2002,,3,6,8,36,47,13
12/7/2002,,22,30,33,43,47,25
12/14/2002,,1,10,11,26,32,10
12/21/2002,,19,27,31,33,38,1
12/28/2002,,6,10,15,18,23,22
1/4/2003,,1,12,29,38,39,19
1/11/2003,,6,10,34,39,44,1
1/18/2003,,4,6,15,24,28,27
1/25/2003,,15,33,37,38,47,16
2/1/2003,,6,10,12,24,45,10
2/8/2003,,28,30,34,35,43,2
2/15/2003,,1,10,13,14,47,20
2/22/2003,,12,17,26,33,42,20
3/1/2003,,16,22,31,33,42,19
3/8/2003,,5,29,30,42,44,20
3/15/2003,,5,14,27,30,44,17
3/22/2003,,3,5,6,30,32,17
3/29/2003,,13,18,19,31,41,12
4/5/2003,,19,30,37,40,44,6
4/12/2003,,8,14,18,28,29,2
4/19/2003,,8,19,20,21,41,3
4/26/2003,,10,13,14,21,42,15
5/3/2003,,4,9,19,24,41,9
5/10/2003,,2,4,17,45,47,1
5/17/2003,,7,13,29,36,40,22
5/24/2003,,10,14,23,34,39,25
5/31/2003,,26,29,33,42,44,22
6/7/2003,,7,11,15,31,45,3
6/14/2003,,6,25,35,39,45,23
6/21/2003,,2,17,40,44,46,11
6/28/2003,,4,12,14,44,47,18
7/5/2003,,13,14,29,39,43,26
7/12/2003,,19,29,36,37,41,20
7/19/2003,,19,21,26,30,42,25
7/26/2003,,1,7,11,39,46,11
8/2/2003,,11,21,23,29,41,9
8/9/2003,,19,20,21,24,45,13
8/16/2003,,1,2,14,44,45,25
8/23/2003,,5,9,14,39,47,27
8/30/2003,,1,3,16,38,47,21
9/6/2003,,19,22,33,41,42,17
9/13/2003,,5,8,33,38,47,25
9/20/2003,,9,15,20,24,43,2
9/27/2003,,11,30,34,40,42,1
10/4/2003,,14,27,35,36,37,5
10/11/2003,,13,20,25,29,39,21
10/18/2003,,11,16,29,41,46,11
10/25/2003,,17,23,36,38,46,18
11/1/2003,,1,12,18,22,42,18
11/8/2003,,9,21,23,30,36,10
11/15/2003,,22,25,31,40,42,16
11/22/2003,,16,34,37,44,47,22
11/29/2003,,7,9,17,31,47,16
12/6/2003,,19,24,34,35,42,23
12/13/2003,,6,15,25,27,39,17
12/20/2003,,1,9,15,16,29,9
12/27/2003,,3,5,24,25,41,7
1/3/2004,,10,30,31,34,42,2
1/10/2004,,4,18,19,43,47,5
1/17/2004,,4,7,10,25,32,22
1/24/2004,,3,9,12,13,38,26
1/31/2004,,4,8,32,34,43,14
2/7/2004,,9,12,22,30,46,24
2/14/2004,,1,7,14,17,20,27
2/21/2004,,13,17,29,34,38,4
2/28/2004,,7,8,11,15,31,27
3/6/2004,,4,11,28,34,42,26
3/13/2004,,4,6,8,36,41,17
3/20/2004,,3,22,24,32,35,7
3/27/2004,,17,21,26,37,42,11
4/3/2004,,10,22,35,40,47,26
4/10/2004,,13,23,33,34,38,4
4/17/2004,,5,9,14,26,29,25
4/24/2004,,2,9,10,39,46,19
5/1/2004,,9,13,25,29,32,9
5/8/2004,,2,6,9,10,21,24
5/15/2004,,13,21,23,26,33,11
5/22/2004,,9,10,15,27,47,6
5/29/2004,,12,16,18,20,24,7
6/5/2004,,1,15,17,43,45,23
6/12/2004,,9,13,15,18,25,12
6/19/2004,,19,25,26,27,33,9
6/26/2004,,6,13,37,43,47,15
7/3/2004,,5,9,24,27,37,8
7/10/2004,,8,9,36,38,45,17
7/17/2004,,13,17,20,23,26,15
7/24/2004,,8,12,24,36,40,12
7/31/2004,,18,21,28,43,47,9
8/7/2004,,13,16,21,23,31,15
8/14/2004,,6,21,22,30,38,26
8/21/2004,,11,20,36,39,41,3
8/28/2004,,5,16,24,32,33,3
9/4/2004,,12,15,21,30,45,23
9/11/2004,,1,8,17,32,38,10
9/18/2004,,2,10,31,35,45,24
9/25/2004,,4,6,22,26,43,14
10/2/2004,,10,11,27,42,45,9
10/9/2004,,11,17,27,34,44,1
10/16/2004,,2,13,36,41,44,20
10/23/2004,,27,33,35,45,46,26
10/30/2004,,20,24,25,32,34,11
11/6/2004,,3,4,7,29,39,21
11/13/2004,,8,11,17,31,35,7
11/20/2004,,1,10,23,25,47,9
11/27/2004,,8,9,19,30,33,1
12/4/2004,,11,24,27,36,43,9
12/11/2004,,3,13,15,16,25,11
12/18/2004,,3,8,13,15,36,22
12/25/2004,,9,25,30,31,46,7
1/1/2005,,6,9,18,23,37,27
1/8/2005,,10,15,27,44,45,15
1/15/2005,,10,27,38,39,46,10
1/22/2005,,4,10,30,31,41,21
1/29/2005,,6,12,36,41,46,22
2/5/2005,,11,30,35,46,47,15
2/12/2005,,15,22,41,43,44,14
2/19/2005,,7,17,18,24,37,5
2/26/2005,,19,23,24,33,35,23
3/5/2005,,8,28,32,37,44,24
3/12/2005,,3,9,12,20,38,17
3/19/2005,,3,4,22,32,44,8
3/26/2005,,6,8,14,23,26,4
4/2/2005,,10,11,12,25,33,21
4/9/2005,,3,18,21,22,42,15
4/16/2005,,1,20,25,41,42,25
4/23/2005,,7,33,37,43,46,10
4/30/2005,,5,9,19,32,34,14
5/7/2005,,12,26,31,38,41,23
5/14/2005,,8,10,13,19,38,22
5/21/2005,,11,21,26,27,44,21
5/28/2005,,15,28,29,41,45,17
6/4/2005,,6,7,16,27,39,3
6/11/2005,,2,19,24,35,45,12
6/18/2005,,11,18,21,27,47,13
6/25/2005,,20,25,41,43,45,3
7/2/2005,,4,20,21,24,47,6
7/9/2005,,7,9,12,34,44,2
7/16/2005,,6,7,8,17,41,7
7/23/2005,,11,30,31,33,42,8
7/30/2005,,2,8,16,21,23,19
8/6/2005,,6,7,12,19,30,10
8/13/2005,,9,13,15,22,35,19
8/20/2005,,9,21,23,41,47,8
8/27/2005,,12,33,34,36,45,8
9/3/2005,,15,21,22,33,45,15
9/10/2005,,23,34,42,43,47,21
9/17/2005,,11,25,26,33,45,13
9/24/2005,,13,22,25,33,35,16
10/1/2005,,1,27,28,32,45,1
10/8/2005,,9,18,31,33,42,8
10/15/2005,,11,18,19,29,40,18
10/22/2005,,18,20,22,26,41,19
10/29/2005,,5,10,30,35,43,1
11/5/2005,,6,16,17,26,44,5
11/12/2005,,15,25,30,42,46,21
11/19/2005,,13,22,27,29,42,25
11/26/2005,,7,21,25,26,35,3
12/3/2005,,6,13,24,27,31,8
12/10/2005,,13,16,26,33,41,22
12/17/2005,,4,12,22,33,39,7
12/24/2005,,4,18,24,33,35,15
12/31/2005,,6,8,15,19,45,25
1/7/2006,,4,15,25,26,46,20
1/14/2006,,4,27,31,34,39,8
1/21/2006,,2,11,17,31,47,12
1/28/2006,,6,15,30,34,39,6
2/4/2006,,3,11,16,26,38,6
2/11/2006,,2,9,36,43,46,3
2/18/2006,,6,7,16,32,35,20
2/25/2006,,1,10,15,24,45,24
3/4/2006,,20,28,33,41,43,24
3/11/2006,,1,3,14,24,41,11
3/18/2006,,1,24,27,34,36,17
3/25/2006,,6,19,20,21,27,23
4/1/2006,,4,20,36,45,47,20
4/8/2006,,1,16,24,27,28,19
4/15/2006,,9,16,27,34,45,21
4/22/2006,,2,5,15,28,43,11
4/29/2006,,4,6,15,35,41,19
5/6/2006,,5,7,11,18,33,25
5/13/2006,,4,5,21,23,27,23
5/20/2006,,3,13,21,25,36,1
5/27/2006,,9,10,28,29,33,26
6/3/2006,,13,18,19,23,25,20
6/10/2006,,1,6,13,45,47,16
6/17/2006,,4,6,15,16,42,16
6/24/2006,,10,14,29,38,47,8
7/1/2006,,1,19,21,25,46,23
7/8/2006,,12,20,30,38,40,7
7/15/2006,,2,16,19,31,40,10
7/22/2006,,7,9,17,28,42,7
7/29/2006,,14,17,20,34,44,18
8/5/2006,,6,16,31,42,45,6
8/12/2006,,12,24,32,34,35,23
8/19/2006,,6,7,17,21,25,8
8/26/2006,,2,22,27,31,32,11
9/2/2006,,13,30,39,42,47,5
9/9/2006,,7,15,34,41,42,8
9/16/2006,,7,11,15,20,34,2
9/23/2006,,9,15,18,32,36,27
9/30/2006,,7,12,14,16,37,14
10/7/2006,,4,26,31,35,45,4
10/14/2006,,2,8,14,29,43,24
10/21/2006,,6,13,24,29,44,3
10/28/2006,,3,5,13,15,21,9
11/4/2006,,15,25,29,30,37,26
11/11/2006,,27,32,35,45,46,21
11/18/2006,,2,28,35,44,47,21
11/25/2006,,2,18,25,32,46,15
12/2/2006,,13,29,33,37,40,9
12/9/2006,,21,27,34,39,45,22
12/16/2006,,15,20,25,40,41,20
12/23/2006,,5,7,39,46,47,6
12/30/2006,,2,7,22,27,32,12
1/6/2007,,3,8,10,16,22,11
1/13/2007,,2,17,33,35,41,9
1/20/2007,,21,22,25,28,43,12
1/27/2007,,22,23,26,38,42,3
2/3/2007,,4,18,21,33,39,7
2/10/2007,,6,13,30,31,45,2
2/17/2007,,15,16,28,33,38,23
2/24/2007,,4,6,22,32,45,8
3/3/2007,,1,12,19,29,34,12
3/10/2007,,1,2,34,37,42,9
3/17/2007,,7,15,31,32,47,24
3/24/2007,,7,27,33,42,44,24
3/31/2007,,17,23,29,37,46,17
4/7/2007,,8,21,38,43,44,24
4/14/2007,,12,15,37,42,43,8
4/21/2007,,12,22,28,31,42,2
4/28/2007,,1,16,27,33,46,25
5/5/2007,,15,30,34,41,45,20
5/12/2007,,2,5,16,31,35,14
5/19/2007,,2,5,11,12,30,24
5/26/2007,,4,8,25,29,38,13
6/2/2007,,2,13,25,32,45,23
6/9/2007,,16,18,23,40,46,4
6/16/2007,,1,30,33,43,46,9
6/23/2007,,10,15,33,34,37,8
6/30/2007,,2,13,19,39,46,26
7/7/2007,,8,12,25,33,45,5
7/14/2007,,11,24,26,36,38,13
7/21/2007,,1,2,18,34,43,27
7/28/2007,,3,5,16,25,37,16
8/4/2007,,1,19,32,41,42,11
8/11/2007,,1,34,37,39,41,10
8/18/2007,,2,8,12,15,22,12
8/25/2007,,11,13,17,24,47,10
9/1/2007,,2,4,6,7,18,8
9/8/2007,,11,18,21,30,34,6
9/15/2007,,14,24,28,35,40,19
9/22/2007,,28,32,33,34,45,21
9/29/2007,,2,13,20,25,37,15
10/6/2007,,8,21,31,40,42,2
10/13/2007,,8,19,24,26,36,25
10/20/2007,,17,23,34,41,43,11
10/27/2007,,2,12,15,25,47,13
11/3/2007,,7,21,26,28,30,10
11/10/2007,,9,16,25,45,47,5
11/17/2007,,13,15,17,29,41,10
11/24/2007,,1,3,19,36,45,8
12/1/2007,,5,7,8,10,29,16
12/8/2007,,9,20,30,37,41,5
12/15/2007,,12,15,19,20,28,21
12/22/2007,,7,12,20,21,40,11
12/29/2007,,6,11,18,32,43,26
1/5/2008,,25,28,29,37,42,18
1/12/2008,,2,21,31,43,47,27
1/19/2008,,10,24,26,30,35,6
1/26/2008,,9,15,17,24,35,18
2/2/2008,,4,13,15,26,46,2
2/9/2008,,7,19,26,30,34,13
2/16/2008,,11,17,40,44,45,23
2/23/2008,,7,14,23,26,31,5
3/1/2008,,1,15,20,30,40,13
3/8/2008,,4,18,21,23,42,26
3/15/2008,,2,18,22,28,40,10
3/22/2008,,1,4,11,13,44,16
3/29/2008,,5,36,37,42,43,24
4/5/2008,,4,7,9,16,25,17
4/12/2008,,2,3,10,22,25,7
4/19/2008,,4,19,38,42,44,19
4/26/2008,,4,22,23,32,39,23
5/3/2008,,1,8,22,33,37,7
5/10/2008,,7,27,41,42,46,1
5/17/2008,,12,21,39,40,43,26
5/24/2008,,2,6,8,12,19,23
5/31/2008,,16,18,19,29,38,9
6/7/2008,,8,19,23,24,30,23
6/14/2008,,3,8,17,20,44,23
6/21/2008,,14,19,22,36,40,3
6/28/2008,,2,11,36,40,45,13
7/5/2008,,5,18,28,43,44,24
7/12/2008,,6,22,31,36,43,18
7/19/2008,,6,19,39,40,43,24
7/26/2008,,2,18,23,24,39,5
8/2/2008,,4,18,19,42,43,25
8/9/2008,,4,11,22,34,40,9
8/16/2008,,4,7,11,15,38,4
8/23/2008,,19,26,32,34,42,1
8/30/2008,,14,17,31,42,47,13
9/6/2008,,5,10,12,20,29,25
9/13/2008,,4,6,22,29,47,27
9/20/2008,,7,8,14,23,41,13
9/27/2008,,1,6,7,19,36,16
10/4/2008,,5,11,28,34,39,15
10/11/2008,,4,7,13,28,34,4
10/18/2008,,13,18,31,38,44,25
10/25/2008,,3,4,27,30,39,3
11/1/2008,,8,12,13,29,36,10
11/8/2008,,3,9,15,17,31,25
11/15/2008,,21,35,40,44,47,11
11/22/2008,,4,5,25,43,45,25
11/29/2008,,4,19,25,40,42,3
12/6/2008,,20,22,26,27,43,16
12/13/2008,,20,26,36,41,42,16
12/20/2008,,5,14,36,38,47,18
12/27/2008,,9,16,29,31,40,20
1/3/2009,,11,14,20,36,39,11
1/10/2009,,13,25,29,40,46,21
1/17/2009,,12,14,22,32,46,24
1/24/2009,,11,15,25,31,32,18
1/31/2009,,8,9,16,22,26,15
2/7/2009,,1,2,7,19,47,14
2/14/2009,,2,11,12,26,42,7
2/21/2009,,2,9,13,21,46,23
2/28/2009,,4,17,18,32,46,24
3/7/2009,,11,15,17,30,37,11
3/14/2009,,17,24,30,33,45,22
3/21/2009,,1,36,41,44,47,10
3/28/2009,,11,15,24,26,28,10
4/4/2009,,6,9,11,28,45,7
4/11/2009,,7,12,20,32,39,20
4/18/2009,,2,9,24,33,37,1
4/25/2009,,6,9,20,28,33,19
5/2/2009,,4,6,22,24,29,18
5/9/2009,,2,14,15,37,43,23
5/16/2009,,3,8,18,40,45,26
5/23/2009,,10,11,27,34,39,27
5/30/2009,,26,30,32,37,45,16
6/6/2009,,5,10,26,28,43,9
6/13/2009,,8,16,22,30,33,4
6/20/2009,,4,10,23,24,44,23
6/27/2009,,7,22,35,36,37,4
7/4/2009,,7,12,15,17,37,25
7/11/2009,,1,8,12,32,41,21
7/18/2009,,16,32,35,40,47,24
7/25/2009,,16,17,20,32,36,10
8/1/2009,,13,14,19,35,45,20
8/8/2009,,8,14,32,35,37,4
8/15/2009,,8,28,32,43,44,11
8/22/2009,,5,6,12,15,39,18
8/29/2009,,5,10,26,43,44,16
9/5/2009,,1,2,3,22,34,8
9/12/2009,,3,11,21,36,47,7
9/19/2009,,22,23,34,40,42,9
9/26/2009,,14,23,28,30,35,24
10/3/2009,,8,11,13,22,26,18
10/10/2009,,4,11,21,26,46,6
10/17/2009,,4,10,29,36,44,17
10/24/2009,,5,22,28,37,43,19
10/31/2009,,15,21,25,31,44,27
11/7/2009,,20,21,32,37,41,22
11/14/2009,,9,18,37,41,42,3
11/21/2009,,12,14,29,39,41,26
11/28/2009,,1,3,5,23,29,15
12/5/2009,,3,15,26,32,39,6
12/12/2009,,5,25,32,33,46,26
12/19/2009,,21,32,36,39,40,25
12/26/2009,,9,14,16,18,19,24
1/2/2010,,11,13,15,17,26,26
1/9/2010,,9,27,28,34,47,6
1/16/2010,,30,31,32,34,39,6
1/23/2010,,13,17,18,33,46,7
1/30/2010,,7,12,30,40,47,16
2/6/2010,,19,24,32,45,47,14
2/13/2010,,2,11,12,25,32,26
2/20/2010,,12,36,37,44,47,13
2/27/2010,,6,9,10,25,45,4
3/6/2010,,5,8,28,35,39,8
3/13/2010,,10,23,30,38,43,8
3/20/2010,,30,38,41,42,43,22
3/27/2010,,30,33,41,44,47,7
4/3/2010,,3,5,32,34,36,20
4/10/2010,,9,23,25,27,34,12
4/17/2010,,4,20,26,31,36,22
4/24/2010,,6,26,30,41,44,8
5/1/2010,,14,35,36,40,47,6
5/8/2010,,2,18,20,21,45,24
5/15/2010,,1,2,3,28,38,21
5/22/2010,,1,2,6,25,40,19
5/29/2010,,12,17,22,25,37,24
6/5/2010,,10,13,27,33,34,23
6/12/2010,,10,22,34,37,47,23
6/19/2010,,18,20,30,40,42,15
6/26/2010,,15,17,29,32,41,23
7/3/2010,,12,32,39,46,47,5
7/10/2010,,21,29,31,35,45,2
7/17/2010,,5,7,14,44,46,27
7/24/2010,,1,7,15,31,43,3
7/31/2010,,5,8,19,21,37,12
8/7/2010,,17,29,36,41,43,17
8/14/2010,,1,15,35,40,45,23
8/21/2010,,9,25,40,44,47,15
8/28/2010,,4,18,24,33,47,1
9/4/2010,,12,19,22,37,45,15
9/11/2010,,25,28,35,45,47,20
9/18/2010,,3,5,14,40,46,2
9/25/2010,,7,15,17,33,35,22
10/2/2010,,4,7,10,25,41,10
10/9/2010,,10,15,25,36,46,18
10/16/2010,,5,14,22,25,26,8
10/23/2010,,6,22,29,44,46,9
10/30/2010,,23,30,37,38,45,22
11/6/2010,,13,22,33,46,47,24
11/13/2010,,1,32,33,38,43,16
11/20/2010,,5,7,13,31,43,20
11/27/2010,,9,19,32,40,47,6
12/4/2010,,4,21,33,38,41,6
12/11/2010,,4,16,28,35,45,1
12/18/2010,,11,25,33,35,41,10
12/25/2010,,3,12,33,44,47,22
1/1/2011,,2,15,23,32,39,12
1/8/2011,,3,4,8,13,43,6
1/15/2011,,7,14,34,41,46,1
1/22/2011,,1,9,13,34,46,13
1/29/2011,,18,19,27,29,45,15
2/5/2011,,1,3,26,29,37,6
2/12/2011,,9,17,22,32,47,3
2/19/2011,,6,7,30,41,43,11
2/26/2011,,2,11,13,16,22,23
3/5/2011,,7,24,28,43,46,13
3/12/2011,,3,17,23,37,47,22
3/19/2011,,2,18,27,36,37,6
3/26/2011,,10,12,18,22,31,2
4/2/2011,,14,16,17,24,33,2
4/9/2011,,2,32,43,46,47,7
4/16/2011,,8,23,26,33,40,14
4/23/2011,,4,23,27,28,33,16
4/30/2011,,3,9,19,24,42,16
5/7/2011,,1,10,14,35,47,11
5/14/2011,,16,17,21,26,37,2
5/21/2011,,5,9,11,35,43,4
5/28/2011,,9,21,34,43,46,21
6/4/2011,,16,23,25,35,47,13
6/11/2011,,1,7,31,42,44,24
6/18/2011,,5,7,13,38,43,11
6/25/2011,,5,9,17,29,33,1
7/2/2011,,9,14,15,16,44,24
7/9/2011,,34,39,40,45,47,18
7/16/2011,,12,14,39,43,45,19
7/23/2011,,10,19,28,32,39,18
7/30/2011,,8,21,24,28,38,1
8/6/2011,,10,15,22,24,31,1
8/13/2011,,9,22,29,32,39,23
8/20/2011,,5,7,17,20,23,23
8/27/2011,,4,10,20,30,35,13
9/3/2011,,6,32,33,43,44,16
9/10/2011,,1,16,26,45,46,5
9/17/2011,,4,23,25,33,42,15
9/24/2011,,10,20,21,23,36,7
10/1/2011,,3,9,13,20,28,24
10/8/2011,,8,30,35,38,41,27
10/15/2011,,3,8,26,37,46,18
10/22/2011,,12,20,24,30,42,7
10/29/2011,,7,8,23,37,42,23
11/5/2011,,2,13,29,33,41,19
11/12/2011,,1,5,13,35,46,14
11/19/2011,,2,12,20,27,38,5
11/26/2011,,11,16,23,38,39,20
12/3/2011,,5,30,31,32,46,7
12/10/2011,,2,18,19,25,36,10
12/17/2011,,15,16,24,29,35,6
12/24/2011,,7,14,16,22,28,20
12/31/2011,,5,9,25,31,46,26
1/7/2012,,4,6,16,27,39,10
1/14/2012,,14,20,21,25,31,25
1/21/2012,,8,12,15,28,33,26
1/28/2012,,2,4,20,24,27,10
2/4/2012,,6,12,36,39,44,2
2/11/2012,,11,13,23,27,29,10
2/18/2012,,4,14,19,36,41,3
2/25/2012,,4,8,15,41,44,2
3/3/2012,,7,11,24,37,47,1
3/10/2012,,1,3,8,25,40,8
3/17/2012,,3,15,23,25,38,7
3/24/2012,,5,16,20,29,42,5
3/31/2012,,1,31,32,34,47,10
4/7/2012,,13,16,18,29,39,3
4/14/2012,,4,15,33,40,45,4
4/21/2012,,18,27,29,38,42,24
4/28/2012,,16,34,42,44,46,9
5/5/2012,,3,11,12,26,27,10
5/12/2012,,7,20,30,34,45,15
5/19/2012,,11,15,18,23,28,12
5/26/2012,,3,5,6,14,34,17
6/2/2012,,7,15,18,26,39,19
6/9/2012,,2,9,33,36,37,12
6/16/2012,,16,22,26,31,36,13
6/23/2012,,4,11,25,33,40,6
6/30/2012,,6,16,22,27,32,3
7/7/2012,,2,29,32,37,38,26
7/14/2012,,8,13,14,16,33,4
7/21/2012,,14,18,20,27,46,18
7/28/2012,,12,13,22,27,28,3
8/4/2012,,9,11,14,18,36,25
8/11/2012,,13,23,25,38,43,23
8/18/2012,,1,2,6,29,33,14
8/25/2012,,9,15,31,32,46,14
9/1/2012,,12,18,21,26,41,10
9/8/2012,,6,23,33,36,41,14
9/15/2012,,10,12,15,31,46,23
9/22/2012,,36,37,38,41,47,5
9/29/2012,,6,7,13,39,46,18
10/6/2012,,2,7,12,15,38,3
10/13/2012,,17,23,28,33,42,1
10/20/2012,,1,3,6,42,47,1
10/27/2012,,2,6,7,15,37,10
11/3/2012,,8,12,27,33,35,27
11/10/2012,,1,14,34,42,44,21
11/17/2012,,3,5,6,15,18,21
11/24/2012,,2,8,18,22,33,13
12/1/2012,,9,12,15,23,40,16
12/8/2012,,2,20,25,32,33,26
12/15/2012,,1,18,22,38,44,26
12/22/2012,,12,13,32,38,41,16
12/29/2012,,3,12,21,24,42,7
1/5/2013,,1,15,21,24,26,26
1/12/2013,,19,21,24,25,32,18
1/19/2013,,10,20,34,36,47,21
1/26/2013,,4,7,34,41,43,25
2/2/2013,,8,29,37,43,47,23
2/9/2013,,2,4,8,9,18,2
2/16/2013,,3,10,20,28,32,12
2/23/2013,,5,30,37,45,47,21
3/2/2013,,9,19,23,37,47,23
3/9/2013,,20,30,38,44,45,20
3/16/2013,,1,3,13,25,39,8
3/23/2013,,3,7,19,25,42,5
3/30/2013,,6,7,14,21,26,22
4/6/2013,,5,7,21,31,33,12
4/13/2013,,3,6,8,22,38,26
4/20/2013,,3,7,19,29,32,26
4/27/2013,,8,15,29,35,45,18
5/4/2013,,6,14,15,28,44,26
5/11/2013,,11,19,30,36,38,7
5/18/2013,,1,5,16,24,30,7
5/25/2013,,5,14,16,19,36,23
6/1/2013,,14,19,29,32,42,27
6/8/2013,,4,15,26,27,39,3
6/15/2013,,1,15,23,24,30,7
6/22/2013,,2,10,36,43,46,23
6/29/2013,,3,19,20,32,36,11
7/6/2013,,1,2,12,19,45,8
7/13/2013,,6,20,23,24,29,25
7/20/2013,,10,26,38,43,46,24
7/27/2013,,8,9,18,22,31,27
8/3/2013,,24,28,29,32,44,2
8/10/2013,,13,18,21,31,38,21
8/17/2013,,11,29,35,36,39,10
8/24/2013,,18,33,34,36,45,17
8/31/2013,,15,23,32,36,39,20
9/7/2013,,15,19,22,43,46,7
9/14/2013,,7,28,32,44,47,4
9/21/2013,,13,17,18,22,37,24
9/28/2013,,1,3,12,15,26,19
10/5/2013,,2,21,28,39,45,4
10/12/2013,,3,5,10,25,47,7
10/19/2013,,7,9,24,29,41,27
10/26/2013,,2,6,12,34,46,27
11/2/2013,,1,4,20,27,36,15
11/9/2013,,9,20,26,27,47,26
11/16/2013,,6,13,16,27,42,4
11/23/2013,,3,5,6,14,38,10
11/30/2013,,7,22,36,38,45,7
12/7/2013,,7,11,35,39,42,18
12/14/2013,,4,10,15,40,47,11
12/21/2013,,5,24,25,34,47,3
12/28/2013,,23,31,34,36,45,4
1/4/2014,,11,14,35,40,43,9
1/11/2014,,8,24,41,44,47,23
1/18/2014,,12,18,28,38,43,20
1/25/2014,,2,5,22,39,42,3
2/1/2014,,1,4,11,22,29,20
2/8/2014,,11,12,17,19,46,26
2/15/2014,,27,33,35,42,43,18
2/22/2014,,11,25,31,34,47,16
3/1/2014,,7,17,18,29,40,13
3/8/2014,,16,22,23,39,42,25
3/15/2014,,1,39,43,44,47,10
3/22/2014,,14,15,33,38,41,27
3/29/2014,,7,20,32,33,37,9
4/5/2014,,4,12,31,33,34,14
4/12/2014,,27,29,30,37,44,8
4/19/2014,,1,5,16,21,35,13
4/26/2014,,7,14,29,34,37,10
5/3/2014,,17,19,23,30,43,6
5/10/2014,,6,25,34,41,45,10
5/17/2014,,18,23,33,34,39,10
5/24/2014,,1,11,17,26,44,18
5/31/2014,,4,22,24,31,43,1
6/7/2014,,1,3,34,35,36,24
6/14/2014,,9,19,21,24,45,27
6/21/2014,,13,15,33,35,36,15
6/28/2014,,1,3,6,17,28,2
7/5/2014,,10,15,16,26,29,27
7/12/2014,,1,16,30,33,46,24
7/19/2014,,13,29,40,43,44,12
7/26/2014,,14,21,27,30,45,3
8/2/2014,,5,23,31,42,45,6
8/9/2014,,6,9,31,33,42,13
8/16/2014,,19,28,31,39,47,17
8/23/2014,,6,20,32,39,43,16
8/30/2014,,17,23,36,38,40,8
9/6/2014,,4,22,39,44,47,9
9/13/2014,,9,15,18,21,22,26
9/20/2014,,4,10,15,33,46,15
9/27/2014,,6,8,21,34,35,25
10/4/2014,,17,21,27,30,47,24
10/11/2014,,17,25,26,30,44,16
10/18/2014,,4,15,25,44,45,2
10/25/2014,,6,13,15,31,32,26
11/1/2014,,2,12,16,17,43,22
11/8/2014,,4,11,12,28,41,22
11/15/2014,,21,28,33,34,37,17
11/22/2014,,11,13,25,30,43,4
11/29/2014,,12,14,21,32,36,14
12/6/2014,,5,13,16,19,27,9
12/13/2014,,1,12,15,28,45,27
12/20/2014,,7,9,12,20,34,5
12/27/2014,,25,32,35,38,44,3
1/3/2015,,4,10,18,29,38,24
1/10/2015,,5,10,26,32,42,10
1/17/2015,,5,9,22,36,44,12
1/24/2015,,2,17,18,35,42,1
1/31/2015,,13,21,34,37,41,2
2/7/2015,,7,15,19,38,47,25
2/14/2015,,12,20,24,25,39,3
2/21/2015,,9,16,20,21,31,1
2/28/2015,,1,24,32,36,42,14
3/7/2015,,9,30,37,44,46,8
3/14/2015,,7,11,13,40,47,22
3/21/2015,,11,12,22,24,42,27
3/28/2015,,1,2,7,13,23,11
4/4/2015,,4,17,25,27,31,14
4/11/2015,,6,9,11,19,47,5
4/18/2015,,3,4,25,37,47,11
4/25/2015,,3,4,6,25,26,22
5/2/2015,,10,21,29,39,43,24
5/9/2015,,2,9,15,35,37,18
5/16/2015,,5,12,24,25,36,4
5/23/2015,,12,13,35,40,45,24
5/30/2015,,10,11,26,28,47,9
6/6/2015,,3,14,18,25,38,22
6/13/2015,,12,14,22,30,32,12
6/20/2015,,12,29,33,36,43,10
6/27/2015,,2,31,33,36,38,17
7/4/2015,,11,14,21,32,47,11
7/11/2015,,4,20,29,37,45,23
7/18/2015,,3,8,12,24,30,1
7/25/2015,,9,13,25,44,45,5
8/1/2015,,21,26,28,38,44,1
8/8/2015,,22,24,31,34,36,3
8/15/2015,,6,11,16,42,43,10
8/22/2015,,2,8,10,28,47,10
8/29/2015,,9,10,18,19,42,24
9/5/2015,,4,5,8,10,21,6
9/12/2015,,2,17,24,31,41,15
9/19/2015,,2,16,27,34,36,12
9/26/2015,,15,19,22,37,46,10
10/3/2015,,2,17,19,24,33,22
10/10/2015,,5,23,38,43,47,27
10/17/2015,,3,12,13,26,33,18
10/24/2015,,22,24,28,33,39,24
10/31/2015,,3,5,10,43,47,6
11/7/2015,,12,14,22,32,45,18
11/14/2015,,16,18,36,40,42,7
11/21/2015,,14,22,25,31,46,9
11/28/2015,,22,29,32,36,43,17
12/5/2015,,2,14,25,27,35,20
12/12/2015,,16,26,28,33,39,8
12/19/2015,,7,26,31,34,43,8
12/26/2015,,13,16,24,29,38,18
1/2/2016,,1,8,13,15,39,19
1/9/2016,,6,14,18,20,38,10
1/16/2016,,8,24,31,32,43,17
1/23/2016,,3,4,27,30,40,17
1/30/2016,,4,19,37,40,42,13
2/6/2016,,8,12,27,34,44,15
2/13/2016,,4,6,9,16,47,10
2/20/2016,,4,10,11,32,33,23
2/27/2016,,2,22,25,34,36,12
3/5/2016,,8,11,27,35,45,3
3/12/2016,,2,14,19,22,32,10
3/19/2016,,2,10,25,31,40,12
3/26/2016,,15,21,38,43,46,5
4/2/2016,,8,13,17,19,39,5
4/9/2016,,6,12,26,28,33,24
4/16/2016,,7,23,28,39,45,18
4/23/2016,,10,25,28,37,39,21
4/30/2016,,12,23,25,39,40,3
5/7/2016,,17,21,29,45,46,24
5/14/2016,,13,18,25,37,43,16
5/21/2016,,8,13,14,24,27,1
5/28/2016,,5,24,31,39,43,24
6/4/2016,,3,6,15,20,34,15
6/11/2016,,7,23,30,36,44,2
6/18/2016,,5,7,12,34,42,23
6/25/2016,,2,3,27,28,30,17
7/2/2016,,12,18,19,29,32,18
7/9/2016,,1,29,34,36,46,15
7/16/2016,,1,23,40,44,46,15
7/23/2016,,6,18,39,44,47,2
7/30/2016,,22,31,36,46,47,18
8/6/2016,,10,18,27,39,41,4
8/13/2016,,2,9,40,44,46,25
8/20/2016,,20,25,37,44,45,27
8/27/2016,,15,17,30,41,46,12
9/3/2016,,1,3,4,9,42,23
9/7/2016,,14,20,23,32,39,10
9/10/2016,,10,29,30,37,44,5
9/14/2016,,8,25,32,35,45,24
9/17/2016,,16,20,22,34,41,6
9/21/2016,,6,36,38,41,46,17
9/24/2016,,8,12,15,30,35,27
9/28/2016,,8,18,24,37,43,5
10/1/2016,,1,3,20,30,39,3
10/5/2016,,9,13,27,33,40,8
10/8/2016,,2,17,33,36,43,19
10/12/2016,,5,11,22,23,31,26
10/15/2016,,4,5,13,24,43,2
10/19/2016,,4,9,11,15,21,6
10/22/2016,,3,7,12,25,42,27
10/26/2016,,8,19,21,26,33,15
10/29/2016,,2,4,26,30,37,11
11/2/2016,,6,7,11,42,47,2
11/5/2016,,1,20,29,31,37,1
11/9/2016,,8,26,31,35,47,12
11/12/2016,,21,35,37,40,44,24
11/16/2016,,14,28,33,37,43,27
11/19/2016,,3,11,15,16,32,22
11/23/2016,,15,25,27,30,34,1
11/26/2016,,1,16,21,22,39,24
11/30/2016,,17,21,28,38,47,11
12/3/2016,,3,13,20,44,47,16
12/7/2016,,2,10,11,15,38,19
12/10/2016,,6,13,15,36,45,25
12/14/2016,,6,10,16,29,31,17
12/17/2016,,10,24,32,34,40,10
12/21/2016,,16,21,28,40,41,16
12/24/2016,,2,18,31,35,39,2
12/28/2016,,10,13,16,34,41,6
12/31/2016,,1,3,10,46,47,6
1/4/2017,,11,15,20,38,47,16
1/7/2017,,6,32,33,34,44,18
1/11/2017,,8,15,20,43,44,23
1/14/2017,,1,9,10,19,26,21
1/18/2017,,17,25,29,31,37,6
1/21/2017,,7,14,20,22,46,22
1/25/2017,,9,13,27,29,33,10
1/28/2017,,11,15,22,33,34,20
2/1/2017,,3,8,10,27,31,16
2/4/2017,,5,15,18,22,41,20
2/8/2017,,4,11,37,40,45,12
2/11/2017,,11,24,27,34,40,19
2/15/2017,,5,9,16,27,41,5
2/18/2017,,9,18,24,27,41,21
2/22/2017,,15,28,32,34,47,14
2/25/2017,,3,11,24,30,46,15
3/1/2017,,8,20,29,33,42,23
3/4/2017,,17,34,35,41,46,19
3/8/2017,,2,11,25,33,37,3
3/11/2017,,16,17,19,38,47,25
3/15/2017,,13,31,34,36,44,1
3/18/2017,,29,33,38,44,46,5
3/22/2017,,8,26,28,33,42,23
3/25/2017,,10,13,17,18,20,11
3/29/2017,,7,10,11,21,35,13
4/1/2017,,8,10,35,39,47,23
4/5/2017,,20,33,35,40,41,11
4/8/2017,,6,12,22,27,36,19
4/12/2017,,9,14,17,23,29,5
4/15/2017,,3,10,16,18,19,2
4/19/2017,,2,28,33,34,38,4
4/22/2017,,6,13,16,39,44,13
4/26/2017,,6,19,28,42,45,7
4/29/2017,,4,14,31,42,43,2
5/3/2017,,9,22,23,32,37,6
5/6/2017,,16,24,31,40,44,7
5/10/2017,,7,16,17,36,38,22
5/13/2017,,13,16,18,27,32,20
5/17/2017,,8,20,24,27,34,13
5/20/2017,,6,10,31,45,47,8
5/24/2017,,1,14,16,31,44,22
5/27/2017,,7,8,15,34,45,3
5/31/2017,,7,8,20,23,36,6
6/3/2017,,9,25,30,33,41,1
